{
  "epoch": [
    0,
    50,
    100,
    150,
    200,
    250,
    300,
    350,
    400,
    450,
    500,
    550,
    600,
    650,
    700,
    750,
    800,
    850,
    900,
    950,
    1000,
    1050,
    1100,
    1150,
    1200,
    1250,
    1300,
    1350,
    1400,
    1450,
    1500,
    1550,
    1600,
    1650,
    1700,
    1750,
    1800,
    1850,
    1900,
    1950,
    2000,
    2050,
    2100,
    2150,
    2200,
    2250,
    2300,
    2350,
    2400,
    2450,
    2500,
    2550,
    2600,
    2650,
    2700,
    2750,
    2800,
    2850,
    2900,
    2950,
    3000,
    3050,
    3100,
    3150,
    3200,
    3250,
    3300,
    3350,
    3400,
    3450,
    3500,
    3550,
    3600,
    3650,
    3700,
    3750,
    3800,
    3850,
    3900,
    3950,
    4000,
    4050,
    4100,
    4150,
    4200,
    4250,
    4300,
    4350,
    4400,
    4450,
    4500,
    4550,
    4600,
    4650,
    4700,
    4750,
    4800,
    4850,
    4900,
    4950
  ],
  "train_acc": [
    0.009778911247849464,
    0.030187074095010757,
    0.0877976194024086,
    0.24574829638004303,
    0.5136054158210754,
    0.797831654548645,
    0.9730017185211182,
    1.0,
    1.0,
    1.0,
    1.0,
    1.0,
    1.0,
    1.0,
    1.0,
    1.0,
    1.0,
    1.0,
    1.0,
    1.0,
    1.0,
    1.0,
    1.0,
    1.0,
    1.0,
    1.0,
    1.0,
    1.0,
    1.0,
    1.0,
    1.0,
    1.0,
    1.0,
    1.0,
    1.0,
    1.0,
    1.0,
    1.0,
    1.0,
    1.0,
    1.0,
    1.0,
    1.0,
    1.0,
    1.0,
    1.0,
    1.0,
    1.0,
    1.0,
    1.0,
    1.0,
    1.0,
    1.0,
    1.0,
    1.0,
    1.0,
    1.0,
    1.0,
    1.0,
    1.0,
    1.0,
    1.0,
    1.0,
    1.0,
    1.0,
    1.0,
    1.0,
    1.0,
    1.0,
    1.0,
    1.0,
    1.0,
    1.0,
    1.0,
    1.0,
    1.0,
    1.0,
    1.0,
    1.0,
    1.0,
    1.0,
    1.0,
    1.0,
    1.0,
    1.0,
    1.0,
    1.0,
    1.0,
    1.0,
    1.0,
    1.0,
    1.0,
    1.0,
    1.0,
    1.0,
    1.0,
    1.0,
    1.0,
    1.0,
    1.0
  ],
  "test_acc": [
    0.01041445229202509,
    0.0025504783261567354,
    0.00021253984596114606,
    0.00021253984596114606,
    0.0004250796919222921,
    0.0004250796919222921,
    0.0004250796919222921,
    0.0010626992443576455,
    0.001487778965383768,
    0.0023379384074360132,
    0.003613177454099059,
    0.0046758768148720264,
    0.006376195698976517,
    0.00998937338590622,
    0.012539851479232311,
    0.017428267747163773,
    0.021891605108976364,
    0.028905419632792473,
    0.038682252168655396,
    0.049521785229444504,
    0.06609989702701569,
    0.0841657817363739,
    0.10605738312005997,
    0.1309245526790619,
    0.16089266538619995,
    0.1948990374803543,
    0.22869287431240082,
    0.2678002119064331,
    0.3073326349258423,
    0.3515409231185913,
    0.395961731672287,
    0.4374070167541504,
    0.48862913250923157,
    0.5283740758895874,
    0.5721572637557983,
    0.6178533434867859,
    0.6605738401412964,
    0.7003188133239746,
    0.7434644103050232,
    0.7770456671714783,
    0.8110520839691162,
    0.8405951261520386,
    0.8669500350952148,
    0.8901168704032898,
    0.9105207324028015,
    0.924548327922821,
    0.9385759830474854,
    0.9521785378456116,
    0.9617428183555603,
    0.9689691662788391,
    0.9744952321052551,
    0.9804463386535645,
    0.9836344122886658,
    0.9859723448753357,
    0.9885228276252747,
    0.9897980690002441,
    0.9919235110282898,
    0.9925611019134521,
    0.9938363432884216,
    0.9961742758750916,
    0.9968119263648987,
    0.9978746175765991,
    0.9976620674133301,
    0.9980871677398682,
    0.9982996582984924,
    0.9985122084617615,
    0.9987247586250305,
    0.9989373087882996,
    0.9991498589515686,
    0.9991498589515686,
    0.9991498589515686,
    0.9991498589515686,
    0.9993624091148376,
    0.9993624091148376,
    0.9993624091148376,
    0.9993624091148376,
    0.9995748996734619,
    0.9995748996734619,
    0.9995748996734619,
    0.999787449836731,
    0.999787449836731,
    0.999787449836731,
    1.0,
    1.0,
    1.0,
    1.0,
    1.0,
    1.0,
    1.0,
    1.0,
    1.0,
    1.0,
    1.0,
    1.0,
    1.0,
    1.0,
    1.0,
    1.0,
    1.0,
    1.0
  ],
  "train_loss": [
    4.576958656311035,
    4.491884708404541,
    4.030764102935791,
    3.2422232627868652,
    2.241323947906494,
    1.2841771841049194,
    0.6106557250022888,
    0.2860788404941559,
    0.16794073581695557,
    0.12101905047893524,
    0.0974964126944542,
    0.08314365148544312,
    0.07286012917757034,
    0.06491860747337341,
    0.05843479186296463,
    0.052773356437683105,
    0.047932662069797516,
    0.043805040419101715,
    0.040210675448179245,
    0.03697292134165764,
    0.03414147347211838,
    0.03176121786236763,
    0.029677990823984146,
    0.02784186601638794,
    0.02620837837457657,
    0.02472967840731144,
    0.02336273528635502,
    0.02207842282950878,
    0.020846212282776833,
    0.01967058889567852,
    0.0185597762465477,
    0.017583373934030533,
    0.01664602756500244,
    0.015812218189239502,
    0.015059550292789936,
    0.01435144618153572,
    0.013680819422006607,
    0.013049760833382607,
    0.012460303492844105,
    0.011889937333762646,
    0.01135097723454237,
    0.010833210311830044,
    0.01033285353332758,
    0.009876566007733345,
    0.009453042410314083,
    0.009061655029654503,
    0.008687056601047516,
    0.008335643447935581,
    0.008006766438484192,
    0.007703691720962524,
    0.00742499902844429,
    0.007165237329900265,
    0.006918202619999647,
    0.0066830189898610115,
    0.006456341128796339,
    0.006243536714464426,
    0.006033855024725199,
    0.005834815092384815,
    0.005644021090120077,
    0.0054641528986394405,
    0.005292678717523813,
    0.005124478135257959,
    0.004961052443832159,
    0.004805412143468857,
    0.004655271768569946,
    0.0045118010602891445,
    0.004374959040433168,
    0.004237496759742498,
    0.004107371438294649,
    0.003983381669968367,
    0.0038662038277834654,
    0.0037521899212151766,
    0.003641217714175582,
    0.0035357775632292032,
    0.003435391467064619,
    0.003337034722790122,
    0.003243482206016779,
    0.0031536114402115345,
    0.0030675826128572226,
    0.0029855542816221714,
    0.002906120615079999,
    0.0028288792818784714,
    0.002754397224634886,
    0.0026831901632249355,
    0.00261413655243814,
    0.002546677365899086,
    0.002481588162481785,
    0.0024187779054045677,
    0.0023577669635415077,
    0.0022983942180871964,
    0.002240192610770464,
    0.0021840024273842573,
    0.0021288965363055468,
    0.002074852818623185,
    0.0020220396108925343,
    0.001970746787264943,
    0.001920676906593144,
    0.0018717676866799593,
    0.0018247319385409355,
    0.0017790555721148849
  ],