{
  "epoch": [
    0,
    50,
    100,
    150,
    200,
    250,
    300,
    350,
    400,
    450,
    500,
    550,
    600,
    650,
    700,
    750,
    800,
    850,
    900,
    950,
    1000,
    1050,
    1100,
    1150,
    1200,
    1250,
    1300,
    1350,
    1400,
    1450,
    1500,
    1550,
    1600,
    1650,
    1700,
    1750,
    1800,
    1850,
    1900,
    1950,
    2000,
    2050,
    2100,
    2150,
    2200,
    2250,
    2300,
    2350,
    2400,
    2450,
    2500,
    2550,
    2600,
    2650,
    2700,
    2750,
    2800,
    2850,
    2900,
    2950,
    3000,
    3050,
    3100,
    3150,
    3200,
    3250,
    3300,
    3350,
    3400,
    3450,
    3500,
    3550,
    3600,
    3650,
    3700,
    3750,
    3800,
    3850,
    3900,
    3950,
    4000,
    4050,
    4100,
    4150,
    4200,
    4250,
    4300,
    4350,
    4400,
    4450,
    4500,
    4550,
    4600,
    4650,
    4700,
    4750,
    4800,
    4850,
    4900,
    4950
  ],
  "train_acc": [
    0.0095657454803586,
    0.032493166625499725,
    0.0733373835682869,
    0.2154570370912552,
    0.5080474019050598,
    0.851958692073822,
    0.9952930212020874,
    1.0,
    1.0,
    1.0,
    1.0,
    1.0,
    1.0,
    1.0,
    1.0,
    1.0,
    1.0,
    1.0,
    1.0,
    1.0,
    1.0,
    1.0,
    1.0,
    1.0,
    1.0,
    1.0,
    1.0,
    1.0,
    1.0,
    1.0,
    1.0,
    1.0,
    1.0,
    1.0,
    1.0,
    1.0,
    1.0,
    1.0,
    1.0,
    1.0,
    1.0,
    1.0,
    1.0,
    1.0,
    1.0,
    1.0,
    1.0,
    1.0,
    1.0,
    1.0,
    1.0,
    1.0,
    1.0,
    1.0,
    1.0,
    1.0,
    1.0,
    1.0,
    1.0,
    1.0,
    1.0,
    1.0,
    1.0,
    1.0,
    1.0,
    1.0,
    1.0,
    1.0,
    1.0,
    1.0,
    1.0,
    1.0,
    1.0,
    1.0,
    1.0,
    1.0,
    1.0,
    1.0,
    1.0,
    1.0,
    1.0,
    1.0,
    1.0,
    1.0,
    1.0,
    1.0,
    1.0,
    1.0,
    1.0,
    1.0,
    1.0,
    1.0,
    1.0,
    1.0,
    1.0,
    1.0,
    1.0,
    1.0,
    1.0,
    1.0
  ],
  "test_acc": [
    0.012043925002217293,
    0.001416932325810194,
    0.0,
    0.0,
    0.0038965640123933554,
    0.025504782795906067,
    0.10874955356121063,
    0.20793482661247253,
    0.3035777509212494,
    0.3956783711910248,
    0.48034006357192993,
    0.5593340396881104,
    0.6415160894393921,
    0.7155508399009705,
    0.7881686091423035,
    0.8462628126144409,
    0.8905419707298279,
    0.9241940975189209,
    0.947927713394165,
    0.9638682007789612,
    0.9776833057403564,
    0.9904357194900513,
    0.9939780235290527,
    0.9957491755485535,
    0.997520387172699,
    0.9982288479804993,
    0.9985830783843994,
    0.9989373087882996,
    0.9992915391921997,
    0.9992915391921997,
    0.9992915391921997,
    0.9992915391921997,
    0.9992915391921997,
    0.9992915391921997,
    0.9992915391921997,
    0.9996457695960999,
    0.9996457695960999,
    0.9996457695960999,
    1.0,
    1.0,
    1.0,
    1.0,
    1.0,
    1.0,
    1.0,
    1.0,
    1.0,
    1.0,
    1.0,
    1.0,
    1.0,
    1.0,
    1.0,
    1.0,
    1.0,
    1.0,
    1.0,
    1.0,
    1.0,
    1.0,
    1.0,
    1.0,
    1.0,
    1.0,
    1.0,
    1.0,
    1.0,
    1.0,
    1.0,
    1.0,
    1.0,
    1.0,
    1.0,
    1.0,
    1.0,
    1.0,
    1.0,
    1.0,
    1.0,
    1.0,
    1.0,
    1.0,
    1.0,
    1.0,
    1.0,
    1.0,
    1.0,
    1.0,
    1.0,
    1.0,
    1.0,
    1.0,
    1.0,
    1.0,
    1.0,
    1.0,
    1.0,
    1.0,
    1.0,
    1.0
  ],
  "train_loss": [
    4.575780868530273,
    4.518611907958984,
    4.204018592834473,
    3.4922986030578613,
    2.3111953735351562,
    1.0324817895889282,
    0.3178078830242157,
    0.12789006531238556,
    0.07897201925516129,
    0.05986803397536278,
    0.049812134355306625,
    0.04315581172704697,
    0.03823106735944748,
    0.03431599587202072,
    0.031072670593857765,
    0.028423694893717766,
    0.026163188740611076,
    0.024163907393813133,
    0.022382749244570732,
    0.020809026435017586,
    0.019455866888165474,
    0.018266422674059868,
    0.017203783616423607,
    0.016246184706687927,
    0.015370706096291542,
    0.01457055564969778,
    0.013815687038004398,
    0.013135773129761219,
    0.012513428926467896,
    0.011928428895771503,
    0.01137675903737545,
    0.010868651792407036,
    0.010398592799901962,
    0.009961864911019802,
    0.009548795409500599,
    0.009160086512565613,
    0.008799108676612377,
    0.008467849344015121,
    0.008154690265655518,
    0.007855594158172607,
    0.007570517715066671,
    0.007297490257769823,
    0.007037685718387365,
    0.006788710132241249,
    0.006553985644131899,
    0.00632877042517066,
    0.006107792723923922,
    0.005895309150218964,
    0.005693875718861818,
    0.005502419080585241,
    0.0053182016126811504,
    0.0051404680125415325,
    0.004970971494913101,
    0.004809572361409664,
    0.004655653145164251,
    0.0045075612142682076,
    0.004366008099168539,
    0.0042337984777987,
    0.004106041043996811,
    0.00398369412869215,
    0.0038662280421704054,
    0.0037527787499129772,
    0.0036394293420016766,
    0.0035315672867000103,
    0.003431732067838311,
    0.0033331371378153563,
    0.0032402731012552977,
    0.0031519813928753138,
    0.0030659532640129328,
    0.0029825945384800434,
    0.0029025485273450613,
    0.0028261432889848948,
    0.0027520128060132265,
    0.0026790034025907516,
    0.002608640119433403,
    0.002540898509323597,
    0.0024744346737861633,
    0.0024095214903354645,
    0.0023469305597245693,
    0.002286447212100029,
    0.002227771794423461,
    0.002170040039345622,
    0.0021138647571206093,
    0.002059648046270013,
    0.002007152186706662,
    0.0019551666919142008,
    0.0019043385982513428,
    0.0018557776929810643,
    0.0018086677882820368,
    0.0017626592889428139,
    0.0017180164577439427,
    0.0016746498877182603,
    0.0016327868215739727,
    0.001592014916241169,
    0.0015524919144809246,
    0.0015143052441999316,
    0.0014771738788112998,
    0.0014408279675990343,
    0.0014048086013644934,
    0.0013696210226044059
  ],