{
  "epoch": [
    0,
    50,
    100,
    150,
    200,
    250,
    300,
    350,
    400,
    450,
    500,
    550,
    600,
    650,
    700,
    750,
    800,
    850,
    900,
    950,
    1000,
    1050,
    1100,
    1150,
    1200,
    1250,
    1300,
    1350,
    1400,
    1450,
    1500,
    1550,
    1600,
    1650,
    1700,
    1750,
    1800,
    1850,
    1900,
    1950,
    2000,
    2050,
    2100,
    2150,
    2200,
    2250,
    2300,
    2350,
    2400,
    2450,
    2500,
    2550,
    2600,
    2650,
    2700,
    2750,
    2800,
    2850,
    2900,
    2950,
    3000,
    3050,
    3100,
    3150,
    3200,
    3250,
    3300,
    3350,
    3400,
    3450,
    3500,
    3550,
    3600,
    3650,
    3700,
    3750,
    3800,
    3850,
    3900,
    3950,
    4000,
    4050,
    4100,
    4150,
    4200,
    4250,
    4300,
    4350,
    4400,
    4450,
    4500,
    4550,
    4600,
    4650,
    4700,
    4750,
    4800,
    4850,
    4900,
    4950
  ],
  "train_acc": [
    0.008858965709805489,
    0.03224663436412811,
    0.13961729407310486,
    0.3678242266178131,
    0.7491140961647034,
    0.9861800074577332,
    1.0,
    1.0,
    1.0,
    1.0,
    1.0,
    1.0,
    1.0,
    1.0,
    1.0,
    1.0,
    1.0,
    1.0,
    1.0,
    1.0,
    1.0,
    1.0,
    1.0,
    1.0,
    1.0,
    1.0,
    1.0,
    1.0,
    1.0,
    1.0,
    1.0,
    1.0,
    1.0,
    1.0,
    1.0,
    1.0,
    1.0,
    1.0,
    1.0,
    1.0,
    1.0,
    1.0,
    1.0,
    1.0,
    1.0,
    1.0,
    1.0,
    1.0,
    1.0,
    1.0,
    1.0,
    1.0,
    1.0,
    1.0,
    1.0,
    1.0,
    1.0,
    1.0,
    1.0,
    1.0,
    1.0,
    1.0,
    1.0,
    1.0,
    1.0,
    1.0,
    1.0,
    1.0,
    1.0,
    1.0,
    1.0,
    1.0,
    1.0,
    1.0,
    1.0,
    1.0,
    1.0,
    1.0,
    1.0,
    1.0,
    1.0,
    1.0,
    1.0,
    1.0,
    1.0,
    1.0,
    1.0,
    1.0,
    1.0,
    1.0,
    1.0,
    1.0,
    1.0,
    1.0,
    1.0,
    1.0,
    1.0,
    1.0,
    1.0,
    1.0
  ],
  "test_acc": [
    0.01077880710363388,
    0.0037953543942421675,
    0.00045544252498075366,
    0.00015181417984422296,
    0.0,
    0.0,
    0.0,
    0.0,
    0.0,
    0.0,
    0.0,
    0.0,
    0.0,
    0.0,
    0.0,
    0.0,
    0.0,
    0.0,
    0.0,
    0.0,
    0.0,
    0.00015181417984422296,
    0.00015181417984422296,
    0.00015181417984422296,
    0.00015181417984422296,
    0.00015181417984422296,
    0.00015181417984422296,
    0.00015181417984422296,
    0.00015181417984422296,
    0.00015181417984422296,
    0.00015181417984422296,
    0.00015181417984422296,
    0.00015181417984422296,
    0.00015181417984422296,
    0.00015181417984422296,
    0.00015181417984422296,
    0.00015181417984422296,
    0.00015181417984422296,
    0.0003036283596884459,
    0.0003036283596884459,
    0.0003036283596884459,
    0.0003036283596884459,
    0.0003036283596884459,
    0.00045544252498075366,
    0.00045544252498075366,
    0.0003036283596884459,
    0.0003036283596884459,
    0.0003036283596884459,
    0.00045544252498075366,
    0.00045544252498075366,
    0.00045544252498075366,
    0.00075907091377303,
    0.00075907091377303,
    0.00075907091377303,
    0.00075907091377303,
    0.00075907091377303,
    0.00075907091377303,
    0.00075907091377303,
    0.00075907091377303,
    0.00075907091377303,
    0.00075907091377303,
    0.00075907091377303,
    0.00075907091377303,
    0.00075907091377303,
    0.0009108850499615073,
    0.0009108850499615073,
    0.0009108850499615073,
    0.0009108850499615073,
    0.0009108850499615073,
    0.0009108850499615073,
    0.0009108850499615073,
    0.0009108850499615073,
    0.0010626992443576455,
    0.0010626992443576455,
    0.0010626992443576455,
    0.0010626992443576455,
    0.0009108850499615073,
    0.0010626992443576455,
    0.0010626992443576455,
    0.0010626992443576455,
    0.0012145134387537837,
    0.0012145134387537837,
    0.0012145134387537837,
    0.0010626992443576455,
    0.0010626992443576455,
    0.0012145134387537837,
    0.0010626992443576455,
    0.0012145134387537837,
    0.001366327633149922,
    0.001366327633149922,
    0.001366327633149922,
    0.001366327633149922,
    0.001366327633149922,
    0.00151814182754606,
    0.001366327633149922,
    0.001366327633149922,
    0.00151814182754606,
    0.0016699560219421983,
    0.0018217700999230146,
    0.0018217700999230146
  ],
  "train_loss": [
    4.576531887054443,
    4.426597595214844,
    3.6745049953460693,
    2.625462770462036,
    1.4875990152359009,
    0.6250939965248108,
    0.2628333568572998,
    0.15468822419643402,
    0.11500079929828644,
    0.09572582691907883,
    0.08404892683029175,
    0.07540787011384964,
    0.06891227513551712,
    0.06381191313266754,
    0.05953964963555336,
    0.05583643540740013,
    0.0525294691324234,
    0.04957108572125435,
    0.04689321666955948,
    0.04445558041334152,
    0.04219965636730194,
    0.040135305374860764,
    0.03819016367197037,
    0.036383192986249924,
    0.03473193943500519,
    0.03320040553808212,
    0.03178785368800163,
    0.03045392408967018,
    0.029200861230492592,
    0.028027277439832687,
    0.026920858770608902,
    0.025874042883515358,
    0.024867471307516098,
    0.02393028326332569,
    0.023044545203447342,
    0.02220986969769001,
    0.021412231028079987,
    0.020593751221895218,
    0.019581515341997147,
    0.018738899379968643,
    0.0180219579488039,
    0.0173751562833786,
    0.016771890223026276,
    0.016197996214032173,
    0.015669871121644974,
    0.015160953626036644,
    0.014672825112938881,
    0.014223279431462288,
    0.013811150565743446,
    0.013408472761511803,
    0.013018433935940266,
    0.012640556320548058,
    0.012288522906601429,
    0.011947075836360455,
    0.011622133664786816,
    0.011298124678432941,
    0.010983524844050407,
    0.010688102804124355,
    0.010404306463897228,
    0.010119365528225899,
    0.009848630987107754,
    0.0095886355265975,
    0.009335505776107311,
    0.009092750959098339,
    0.008857600390911102,
    0.00862952135503292,
    0.008408813737332821,
    0.008195895701646805,
    0.007987837307155132,
    0.007783541921526194,
    0.0075871944427490234,
    0.00739438459277153,
    0.007210042793303728,
    0.00703119020909071,
    0.006854295264929533,
    0.006685901898890734,
    0.006519690155982971,
    0.006358876824378967,
    0.0062003894709050655,
    0.006049271207302809,
    0.0059023648500442505,
    0.005756119266152382,
    0.005614656023681164,
    0.005477935541421175,
    0.005345203448086977,
    0.005218572914600372,
    0.005092920735478401,
    0.00496793445199728,
    0.004846218507736921,
    0.004730885848402977,
    0.004616224206984043,
    0.004504530690610409,
    0.0043945577926933765,
    0.004287183750420809,
    0.0041803400963544846,
    0.004078341647982597,
    0.003978048451244831,
    0.0038811033591628075,
    0.003789538750424981,
    0.003700188361108303
  ],