{
  "epoch": [
    0,
    50,
    100,
    150,
    200,
    250,
    300,
    350,
    400,
    450,
    500,
    550,
    600,
    650,
    700,
    750,
    800,
    850,
    900,
    950,
    1000,
    1050,
    1100,
    1150,
    1200,
    1250,
    1300,
    1350,
    1400,
    1450,
    1500,
    1550,
    1600,
    1650,
    1700,
    1750,
    1800,
    1850,
    1900,
    1950,
    2000,
    2050,
    2100,
    2150,
    2200,
    2250,
    2300,
    2350,
    2400,
    2450,
    2500,
    2550,
    2600,
    2650,
    2700,
    2750,
    2800,
    2850,
    2900,
    2950,
    3000,
    3050,
    3100,
    3150,
    3200,
    3250,
    3300,
    3350,
    3400,
    3450,
    3500,
    3550,
    3600,
    3650,
    3700,
    3750,
    3800,
    3850,
    3900,
    3950,
    4000,
    4050,
    4100,
    4150,
    4200,
    4250,
    4300,
    4350,
    4400,
    4450,
    4500,
    4550,
    4600,
    4650,
    4700,
    4750,
    4800,
    4850,
    4900,
    4950
  ],
  "train_acc": [
    0.010629251599311829,
    0.03550169989466667,
    0.08439625799655914,
    0.22661565244197845,
    0.5087159872055054,
    0.8073979616165161,
    0.9823554158210754,
    1.0,
    1.0,
    1.0,
    1.0,
    1.0,
    1.0,
    1.0,
    1.0,
    1.0,
    1.0,
    1.0,
    1.0,
    1.0,
    1.0,
    1.0,
    1.0,
    1.0,
    1.0,
    1.0,
    1.0,
    1.0,
    1.0,
    1.0,
    1.0,
    1.0,
    1.0,
    1.0,
    1.0,
    1.0,
    1.0,
    1.0,
    1.0,
    1.0,
    1.0,
    1.0,
    1.0,
    1.0,
    1.0,
    1.0,
    1.0,
    1.0,
    1.0,
    1.0,
    1.0,
    1.0,
    1.0,
    1.0,
    1.0,
    1.0,
    1.0,
    1.0,
    1.0,
    1.0,
    1.0,
    1.0,
    1.0,
    1.0,
    1.0,
    1.0,
    1.0,
    1.0,
    1.0,
    1.0,
    1.0,
    1.0,
    1.0,
    1.0,
    1.0,
    1.0,
    1.0,
    1.0,
    1.0,
    1.0,
    1.0,
    1.0,
    1.0,
    1.0,
    1.0,
    1.0,
    1.0,
    1.0,
    1.0,
    1.0,
    1.0,
    1.0,
    1.0,
    1.0,
    1.0,
    1.0,
    1.0,
    1.0,
    1.0,
    1.0
  ],
  "test_acc": [
    0.011052072048187256,
    0.0008501593838445842,
    0.0,
    0.0,
    0.0004250796919222921,
    0.0006376195815391839,
    0.0023379384074360132,
    0.0038257173728197813,
    0.006588735617697239,
    0.011052072048187256,
    0.013177471235394478,
    0.015727948397397995,
    0.01997874677181244,
    0.027417641133069992,
    0.034218914806842804,
    0.04442082718014717,
    0.05589798092842102,
    0.07205101102590561,
    0.09202975779771805,
    0.1147715225815773,
    0.13560041785240173,
    0.15812964737415314,
    0.1921360194683075,
    0.22975558042526245,
    0.27290117740631104,
    0.3158342242240906,
    0.3664186894893646,
    0.4112645983695984,
    0.47056323289871216,
    0.5171094536781311,
    0.574282705783844,
    0.6291179656982422,
    0.6722635626792908,
    0.7171094417572021,
    0.7581296563148499,
    0.7904357314109802,
    0.8238044381141663,
    0.8490967154502869,
    0.8722635507583618,
    0.8924548625946045,
    0.911795973777771,
    0.9256110787391663,
    0.9392135739326477,
    0.9498406052589417,
    0.9577045440673828,
    0.9653559923171997,
    0.9696068167686462,
    0.9727948904037476,
    0.9776833057403564,
    0.9806588888168335,
    0.9834218621253967,
    0.9861848950386047,
    0.9880977869033813,
    0.9904357194900513,
    0.9908607602119446,
    0.9921360015869141,
    0.9929862022399902,
    0.9942614436149597,
    0.994686484336853,
    0.9951115846633911,
    0.9957491755485535,
    0.9959617257118225,
    0.9961742758750916,
    0.9963868260383606,
    0.9968119263648987,
    0.997024416923523,
    0.9976620674133301,
    0.9976620674133301,
    0.9978746175765991,
    0.9982996582984924,
    0.9982996582984924,
    0.9985122084617615,
    0.9982996582984924,
    0.9987247586250305,
    0.9989373087882996,
    0.9993624091148376,
    0.9993624091148376,
    0.9993624091148376,
    0.9993624091148376,
    0.9993624091148376,
    0.9991498589515686,
    0.9991498589515686,
    0.9991498589515686,
    0.9993624091148376,
    0.9993624091148376,
    0.9993624091148376,
    0.9995748996734619,
    0.999787449836731,
    0.999787449836731,
    0.999787449836731,
    0.999787449836731,
    0.999787449836731,
    0.999787449836731,
    0.999787449836731,
    0.999787449836731,
    0.999787449836731,
    0.999787449836731,
    0.999787449836731,
    0.999787449836731,
    0.999787449836731
  ],
  "train_loss": [
    4.576087951660156,
    4.4860734939575195,
    4.031678199768066,
    3.2681214809417725,
    2.240455150604248,
    1.2280317544937134,
    0.5464608073234558,
    0.25000911951065063,
    0.14942845702171326,
    0.1090436652302742,
    0.08824410289525986,
    0.07538636773824692,
    0.06626550853252411,
    0.05931514874100685,
    0.05366182327270508,
    0.04894913733005524,
    0.044867005199193954,
    0.041352398693561554,
    0.03820046782493591,
    0.03535987064242363,
    0.03281461447477341,
    0.03055046685039997,
    0.02844919078052044,
    0.02645818330347538,
    0.024654634296894073,
    0.023039711639285088,
    0.02159239910542965,
    0.020330075174570084,
    0.019169822335243225,
    0.018107332289218903,
    0.017176194116473198,
    0.0162797924131155,
    0.015462038107216358,
    0.01470137108117342,
    0.013993271626532078,
    0.013331922702491283,
    0.012712657451629639,
    0.01214646827429533,
    0.011610404588282108,
    0.011107072234153748,
    0.010629124939441681,
    0.010176772251725197,
    0.00975604634732008,
    0.009358581155538559,
    0.00898839719593525,
    0.00864113587886095,
    0.00830693356692791,
    0.007998533546924591,
    0.0077139465138316154,
    0.007450955454260111,
    0.0072026425041258335,
    0.006961816921830177,
    0.006731206551194191,
    0.006513237487524748,
    0.006306973285973072,
    0.006110110320150852,
    0.005920264404267073,
    0.005738367792218924,
    0.0055622817017138,
    0.005395809188485146,
    0.005233752075582743,
    0.005081066396087408,
    0.004934829194098711,
    0.004794271197170019,
    0.0046571725979447365,
    0.004522318951785564,
    0.004394069779664278,
    0.004270799923688173,
    0.004151205997914076,
    0.004036311991512775,
    0.003924589604139328,
    0.00381650123745203,
    0.0037115763407200575,
    0.0036102572921663523,
    0.0035112949553877115,
    0.0034148262348026037,
    0.0033203058410435915,
    0.0032281570602208376,
    0.003138473955914378,
    0.003052199026569724,
    0.002966666594147682,
    0.0028844063635915518,
    0.0028051433619111776,
    0.0027278533671051264,
    0.0026522099506109953,
    0.002578214043751359,
    0.0025066318921744823,
    0.0024368437007069588,
    0.0023701759055256844,
    0.002305635716766119,
    0.0022418037988245487,
    0.0021805635187774897,
    0.002122269244864583,
    0.0020653295796364546,
    0.0020101212430745363,
    0.0019566139671951532,
    0.0019045717781409621,
    0.0018551329849287868,
    0.0018074148101732135,
    0.0017590175848454237
  ],