{
  "epoch": [
    0,
    50,
    100,
    150,
    200,
    250,
    300,
    350,
    400,
    450,
    500,
    550,
    600,
    650,
    700,
    750,
    800,
    850,
    900,
    950,
    1000,
    1050,
    1100,
    1150,
    1200,
    1250,
    1300,
    1350,
    1400,
    1450,
    1500,
    1550,
    1600,
    1650,
    1700,
    1750,
    1800,
    1850,
    1900,
    1950,
    2000,
    2050,
    2100,
    2150,
    2200,
    2250,
    2300,
    2350,
    2400,
    2450,
    2500,
    2550,
    2600,
    2650,
    2700,
    2750,
    2800,
    2850,
    2900,
    2950,
    3000,
    3050,
    3100,
    3150,
    3200,
    3250,
    3300,
    3350,
    3400,
    3450,
    3500,
    3550,
    3600,
    3650,
    3700,
    3750,
    3800,
    3850,
    3900,
    3950,
    4000,
    4050,
    4100,
    4150,
    4200,
    4250,
    4300,
    4350,
    4400,
    4450,
    4500,
    4550,
    4600,
    4650,
    4700,
    4750,
    4800,
    4850,
    4900,
    4950
  ],
  "train_acc": [
    0.009919697418808937,
    0.034364666789770126,
    0.08856873214244843,
    0.30408596992492676,
    0.7933396100997925,
    0.9945678114891052,
    1.0,
    1.0,
    1.0,
    1.0,
    1.0,
    1.0,
    1.0,
    1.0,
    1.0,
    1.0,
    1.0,
    1.0,
    1.0,
    1.0,
    1.0,
    1.0,
    1.0,
    1.0,
    1.0,
    1.0,
    1.0,
    1.0,
    1.0,
    1.0,
    1.0,
    1.0,
    1.0,
    1.0,
    1.0,
    1.0,
    1.0,
    1.0,
    1.0,
    1.0,
    1.0,
    1.0,
    1.0,
    1.0,
    1.0,
    1.0,
    1.0,
    1.0,
    1.0,
    1.0,
    1.0,
    1.0,
    1.0,
    1.0,
    1.0,
    1.0,
    1.0,
    1.0,
    1.0,
    1.0,
    1.0,
    1.0,
    1.0,
    1.0,
    1.0,
    1.0,
    1.0,
    1.0,
    1.0,
    1.0,
    1.0,
    1.0,
    1.0,
    1.0,
    1.0,
    1.0,
    1.0,
    1.0,
    1.0,
    1.0,
    1.0,
    1.0,
    1.0,
    1.0,
    1.0,
    1.0,
    1.0,
    1.0,
    1.0,
    1.0,
    1.0,
    1.0,
    1.0,
    1.0,
    1.0,
    1.0,
    1.0,
    1.0,
    1.0,
    1.0
  ],
  "test_acc": [
    0.010626992210745811,
    0.0,
    0.0,
    0.002125398488715291,
    0.14877790212631226,
    0.6301806569099426,
    0.8267800211906433,
    0.8990435600280762,
    0.9383634328842163,
    0.9670563340187073,
    0.9808714389801025,
    0.9978746175765991,
    0.9989373087882996,
    0.9989373087882996,
    1.0,
    1.0,
    1.0,
    1.0,
    1.0,
    1.0,
    1.0,
    1.0,
    1.0,
    1.0,
    1.0,
    1.0,
    1.0,
    1.0,
    1.0,
    1.0,
    1.0,
    1.0,
    1.0,
    1.0,
    1.0,
    1.0,
    1.0,
    1.0,
    1.0,
    1.0,
    1.0,
    1.0,
    1.0,
    1.0,
    1.0,
    1.0,
    1.0,
    1.0,
    1.0,
    1.0,
    1.0,
    1.0,
    1.0,
    1.0,
    1.0,
    1.0,
    1.0,
    1.0,
    1.0,
    1.0,
    1.0,
    1.0,
    1.0,
    1.0,
    1.0,
    1.0,
    1.0,
    1.0,
    1.0,
    1.0,
    1.0,
    1.0,
    1.0,
    1.0,
    1.0,
    1.0,
    1.0,
    1.0,
    1.0,
    1.0,
    1.0,
    1.0,
    1.0,
    1.0,
    1.0,
    1.0,
    1.0,
    1.0,
    1.0,
    1.0,
    1.0,
    1.0,
    1.0,
    1.0,
    1.0,
    1.0,
    1.0,
    1.0,
    1.0,
    1.0
  ],
  "train_loss": [
    4.576673984527588,
    4.541289329528809,
    4.301005840301514,
    3.3484091758728027,
    1.4270421266555786,
    0.29261451959609985,
    0.09910216927528381,
    0.06165288761258125,
    0.047766998410224915,
    0.04016632214188576,
    0.035105373710393906,
    0.03137701749801636,
    0.02844478376209736,
    0.026037156581878662,
    0.02395724691450596,
    0.022172756493091583,
    0.02061174437403679,
    0.019261518493294716,
    0.018045226112008095,
    0.016926359385252,
    0.01591959409415722,
    0.015029368922114372,
    0.014229271560907364,
    0.013503980822861195,
    0.01284025702625513,
    0.012237690389156342,
    0.011660224758088589,
    0.011112001724541187,
    0.01060775388032198,
    0.01013399101793766,
    0.00968956295400858,
    0.009278829209506512,
    0.008896351791918278,
    0.008534764871001244,
    0.008197853341698647,
    0.007881139405071735,
    0.007585068698972464,
    0.007308674044907093,
    0.00704994099214673,
    0.006801500916481018,
    0.006568506360054016,
    0.00634369719773531,
    0.006120565813034773,
    0.005917503032833338,
    0.0057240696623921394,
    0.005537161137908697,
    0.005359746050089598,
    0.005179350730031729,
    0.005010002292692661,
    0.004852900747209787,
    0.0047048102132976055,
    0.00456192484125495,
    0.004426700063049793,
    0.004298396874219179,
    0.004175737965852022,
    0.004057477694004774,
    0.003943404648452997,
    0.0038330252282321453,
    0.003726413706317544,
    0.0036251619458198547,
    0.003527203807607293,
    0.0034320205450057983,
    0.003337109461426735,
    0.0032460882794111967,
    0.0031590224243700504,
    0.003075673244893551,
    0.002994786249473691,
    0.002916895318776369,
    0.0028412521351128817,
    0.0027667025569826365,
    0.0026942251715809107,
    0.002624653512611985,
    0.0025566527619957924,
    0.002491542836651206,
    0.0024281791411340237,
    0.002366801491007209,
    0.0023066611029207706,
    0.0022488082759082317,
    0.0021924807224422693,
    0.0021372525952756405,
    0.0020829231943935156,
    0.0020304913632571697,
    0.0019793480169028044,
    0.0019299103878438473,
    0.0018815075745806098,
    0.0018349215388298035,
    0.0017897255020216107,
    0.0017453973414376378,
    0.0017018772196024656,
    0.0016600096132606268,
    0.0016193058108910918,
    0.0015797460218891501,
    0.0015408804174512625,
    0.0015030934009701014,
    0.0014662155881524086,
    0.0014304056530818343,
    0.0013941299403086305,
    0.0013604965060949326,
    0.0013277217512950301,
    0.0012960348976776004
  ],