{
  "epoch": [
    0,
    50,
    100,
    150,
    200,
    250,
    300,
    350,
    400,
    450,
    500,
    550,
    600,
    650,
    700,
    750,
    800,
    850,
    900,
    950,
    1000,
    1050,
    1100,
    1150,
    1200,
    1250,
    1300,
    1350,
    1400,
    1450,
    1500,
    1550,
    1600,
    1650,
    1700,
    1750,
    1800,
    1850,
    1900,
    1950,
    2000,
    2050,
    2100,
    2150,
    2200,
    2250,
    2300,
    2350,
    2400,
    2450,
    2500,
    2550,
    2600,
    2650,
    2700,
    2750,
    2800,
    2850,
    2900,
    2950,
    3000,
    3050,
    3100,
    3150,
    3200,
    3250,
    3300,
    3350,
    3400,
    3450,
    3500,
    3550,
    3600,
    3650,
    3700,
    3750,
    3800,
    3850,
    3900,
    3950,
    4000,
    4050,
    4100,
    4150,
    4200,
    4250,
    4300,
    4350,
    4400,
    4450,
    4500,
    4550,
    4600,
    4650,
    4700,
    4750,
    4800,
    4850,
    4900,
    4950
  ],
  "train_acc": [
    0.010204081423580647,
    0.018707482144236565,
    0.04485544189810753,
    0.07504251599311829,
    0.12329932302236557,
    0.20323128998279572,
    0.29740646481513977,
    0.3926445543766022,
    0.5187074542045593,
    0.6360543966293335,
    0.7633928656578064,
    0.8754251599311829,
    0.9508928656578064,
    0.9868197441101074,
    0.9982993006706238,
    0.9997873902320862,
    1.0,
    1.0,
    1.0,
    1.0,
    1.0,
    1.0,
    1.0,
    1.0,
    1.0,
    1.0,
    1.0,
    1.0,
    1.0,
    1.0,
    1.0,
    1.0,
    1.0,
    1.0,
    1.0,
    1.0,
    1.0,
    1.0,
    1.0,
    1.0,
    1.0,
    1.0,
    1.0,
    1.0,
    1.0,
    1.0,
    1.0,
    1.0,
    1.0,
    1.0,
    1.0,
    1.0,
    1.0,
    1.0,
    1.0,
    1.0,
    1.0,
    1.0,
    1.0,
    1.0,
    1.0,
    1.0,
    1.0,
    1.0,
    1.0,
    1.0,
    1.0,
    1.0,
    1.0,
    1.0,
    1.0,
    1.0,
    1.0,
    1.0,
    1.0,
    1.0,
    1.0,
    1.0,
    1.0,
    1.0,
    1.0,
    1.0,
    1.0,
    1.0,
    1.0,
    1.0,
    1.0,
    1.0,
    1.0,
    1.0,
    1.0,
    1.0,
    1.0,
    1.0,
    1.0,
    1.0,
    1.0,
    1.0,
    1.0,
    1.0
  ],
  "test_acc": [
    0.00998937338590622,
    0.00403825705870986,
    0.0008501593838445842,
    0.0010626992443576455,
    0.0008501593838445842,
    0.0012752391630783677,
    0.0017003187676891685,
    0.0025504783261567354,
    0.004888416733592749,
    0.007863974198698997,
    0.015727948397397995,
    0.02380446344614029,
    0.03698193281888962,
    0.05696067959070206,
    0.0765143483877182,
    0.09840594977140427,
    0.12391073256731033,
    0.14920297265052795,
    0.17534537613391876,
    0.20871412754058838,
    0.24463336169719696,
    0.28097769618034363,
    0.3209351897239685,
    0.360892653465271,
    0.41190221905708313,
    0.46461212635040283,
    0.5098831057548523,
    0.5492029786109924,
    0.5908607840538025,
    0.6359192132949829,
    0.6794899106025696,
    0.7190223336219788,
    0.7483528256416321,
    0.7800212502479553,
    0.8078639507293701,
    0.8333687782287598,
    0.8524973392486572,
    0.8775770664215088,
    0.8956429362297058,
    0.9109457731246948,
    0.9226354956626892,
    0.935387909412384,
    0.9438894987106323,
    0.9485653638839722,
    0.9566418528556824,
    0.961105227470398,
    0.9653559923171997,
    0.9693942666053772,
    0.9727948904037476,
    0.976833164691925,
    0.9802337884902954,
    0.9823591709136963,
    0.9840595126152039,
    0.9863974452018738,
    0.9883103370666504,
    0.9889479279518127,
    0.9904357194900513,
    0.9919235110282898,
    0.9925611019134521,
    0.9927736520767212,
    0.9934112429618835,
    0.994473934173584,
    0.9948990345001221,
    0.9957491755485535,
    0.9968119263648987,
    0.997236967086792,
    0.9978746175765991,
    0.9980871677398682,
    0.9982996582984924,
    0.9991498589515686,
    0.9993624091148376,
    0.9993624091148376,
    0.9995748996734619,
    0.999787449836731,
    0.999787449836731,
    0.999787449836731,
    0.999787449836731,
    0.999787449836731,
    0.999787449836731,
    0.999787449836731,
    0.999787449836731,
    0.999787449836731,
    0.999787449836731,
    1.0,
    1.0,
    1.0,
    1.0,
    1.0,
    1.0,
    1.0,
    1.0,
    1.0,
    1.0,
    1.0,
    1.0,
    1.0,
    1.0,
    1.0,
    1.0,
    1.0
  ],
  "train_loss": [
    4.578118801116943,
    4.537956714630127,
    4.378561019897461,
    4.096499919891357,
    3.7466375827789307,
    3.331068277359009,
    2.893895387649536,
    2.447993516921997,
    1.9973461627960205,
    1.5721254348754883,
    1.1810892820358276,
    0.8477243185043335,
    0.5831977725028992,
    0.39847856760025024,
    0.2833612263202667,
    0.21529704332351685,
    0.17436763644218445,
    0.1484230011701584,
    0.13057081401348114,
    0.11738833039999008,
    0.10697183758020401,
    0.09826994687318802,
    0.09097205847501755,
    0.08442002534866333,
    0.07876308262348175,
    0.07367751002311707,
    0.06877351552248001,
    0.06419438868761063,
    0.06034648045897484,
    0.057040024548769,
    0.05404714122414589,
    0.05120987817645073,
    0.048616912215948105,
    0.0462423674762249,
    0.04411410167813301,
    0.04209724813699722,
    0.04023115709424019,
    0.03854918107390404,
    0.037042129784822464,
    0.03562171384692192,
    0.034249719232320786,
    0.032905202358961105,
    0.03160744905471802,
    0.030314475297927856,
    0.029141902923583984,
    0.028031406924128532,
    0.02705671638250351,
    0.026143740862607956,
    0.025299251079559326,
    0.024514086544513702,
    0.023775413632392883,
    0.023068740963935852,
    0.02237282320857048,
    0.021712535992264748,
    0.02107197977602482,
    0.020451610907912254,
    0.019852997735142708,
    0.01928766816854477,
    0.01874873973429203,
    0.018211299553513527,
    0.017687687650322914,
    0.017170457169413567,
    0.016664398834109306,
    0.01614733412861824,
    0.015676723793148994,
    0.015240839682519436,
    0.014828220009803772,
    0.014419116079807281,
    0.014009347185492516,
    0.013591470196843147,
    0.013189401477575302,
    0.012819220311939716,
    0.01246876735240221,
    0.012122939340770245,
    0.011792239733040333,
    0.01148153841495514,
    0.011184800416231155,
    0.010900421068072319,
    0.010625524446368217,
    0.010363318026065826,
    0.01011297944933176,
    0.009868566878139973,
    0.009633254259824753,
    0.009401865303516388,
    0.00917126052081585,
    0.008946308866143227,
    0.008729178458452225,
    0.008512705564498901,
    0.00830344669520855,
    0.00809750147163868,
    0.007891153916716576,
    0.007699619513005018,
    0.007518852595239878,
    0.007336945738643408,
    0.007161039859056473,
    0.00698976032435894,
    0.006818052846938372,
    0.006654252298176289,
    0.00649817893281579,
    0.006340530700981617
  ],