{
  "epoch": [
    0,
    50,
    100,
    150,
    200,
    250,
    300,
    350,
    400,
    450,
    500,
    550,
    600,
    650,
    700,
    750,
    800,
    850,
    900,
    950,
    1000,
    1050,
    1100,
    1150,
    1200,
    1250,
    1300,
    1350,
    1400,
    1450,
    1500,
    1550,
    1600,
    1650,
    1700,
    1750,
    1800,
    1850,
    1900,
    1950,
    2000,
    2050,
    2100,
    2150,
    2200,
    2250,
    2300,
    2350,
    2400,
    2450,
    2500,
    2550,
    2600,
    2650,
    2700,
    2750,
    2800,
    2850,
    2900,
    2950,
    3000,
    3050,
    3100,
    3150,
    3200,
    3250,
    3300,
    3350,
    3400,
    3450,
    3500,
    3550,
    3600,
    3650,
    3700,
    3750,
    3800,
    3850,
    3900,
    3950,
    4000,
    4050,
    4100,
    4150,
    4200,
    4250,
    4300,
    4350,
    4400,
    4450,
    4500,
    4550,
    4600,
    4650,
    4700,
    4750,
    4800,
    4850,
    4900,
    4950
  ],
  "train_acc": [
    0.010629251599311829,
    0.01615646295249462,
    0.025722788646817207,
    0.03996598720550537,
    0.055909864604473114,
    0.07079081982374191,
    0.09502550959587097,
    0.12521257996559143,
    0.15454931557178497,
    0.18388605117797852,
    0.21449829638004303,
    0.25871598720550537,
    0.3093112111091614,
    0.3726615607738495,
    0.4566326439380646,
    0.5446428656578064,
    0.6394557952880859,
    0.7366071343421936,
    0.8261054158210754,
    0.896896243095398,
    0.9411139488220215,
    0.9732142686843872,
    0.9866071343421936,
    0.9948979616165161,
    0.9980867505073547,
    0.9991496801376343,
    0.9997873902320862,
    1.0,
    0.9997873902320862,
    1.0,
    1.0,
    1.0,
    1.0,
    1.0,
    1.0,
    1.0,
    1.0,
    1.0,
    1.0,
    1.0,
    1.0,
    1.0,
    1.0,
    1.0,
    1.0,
    1.0,
    1.0,
    1.0,
    1.0,
    1.0,
    1.0,
    1.0,
    1.0,
    1.0,
    1.0,
    1.0,
    1.0,
    1.0,
    1.0,
    1.0,
    1.0,
    1.0,
    1.0,
    1.0,
    1.0,
    1.0,
    1.0,
    1.0,
    1.0,
    1.0,
    1.0,
    1.0,
    1.0,
    1.0,
    1.0,
    1.0,
    1.0,
    1.0,
    1.0,
    1.0,
    1.0,
    1.0,
    1.0,
    1.0,
    1.0,
    1.0,
    1.0,
    1.0,
    1.0,
    1.0,
    1.0,
    1.0,
    1.0,
    1.0,
    1.0,
    1.0,
    1.0,
    1.0,
    1.0,
    1.0
  ],
  "test_acc": [
    0.00998937338590622,
    0.007226354908198118,
    0.0019128586864098907,
    0.0017003187676891685,
    0.0010626992443576455,
    0.0008501593838445842,
    0.0010626992443576455,
    0.002763018012046814,
    0.004888416733592749,
    0.006801275070756674,
    0.007651434745639563,
    0.011264611966907978,
    0.017215728759765625,
    0.02529224194586277,
    0.04505844786763191,
    0.06907545030117035,
    0.11328373849391937,
    0.17385759949684143,
    0.2622741758823395,
    0.34984058141708374,
    0.4418703615665436,
    0.5268862843513489,
    0.5991498231887817,
    0.6616365313529968,
    0.7200850248336792,
    0.7632306218147278,
    0.800000011920929,
    0.8323060870170593,
    0.8605738282203674,
    0.8833156228065491,
    0.8981934189796448,
    0.9124335646629333,
    0.9222103953361511,
    0.9328374266624451,
    0.9432518482208252,
    0.950265645980835,
    0.9549415707588196,
    0.9591923356056213,
    0.9642933011054993,
    0.9683315753936768,
    0.9700318574905396,
    0.9725823402404785,
    0.973857581615448,
    0.9751328229904175,
    0.9749202728271484,
    0.976620614528656,
    0.9778958559036255,
    0.9798086881637573,
    0.9815090298652649,
    0.9827842712402344,
    0.9836344122886658,
    0.9844846129417419,
    0.9844846129417419,
    0.9853347539901733,
    0.9846971035003662,
    0.9849096536636353,
    0.9851222038269043,
    0.9855473041534424,
    0.9853347539901733,
    0.9853347539901733,
    0.9853347539901733,
    0.9846971035003662,
    0.9857598543167114,
    0.9872475862503052,
    0.9885228276252747,
    0.9885228276252747,
    0.9893730282783508,
    0.9895855188369751,
    0.9895855188369751,
    0.9904357194900513,
    0.9910733103752136,
    0.9929862022399902,
    0.9940488934516907,
    0.9942614436149597,
    0.9955366849899292,
    0.9965993762016296,
    0.9968119263648987,
    0.9980871677398682,
    0.9985122084617615,
    0.9987247586250305,
    0.9995748996734619,
    0.999787449836731,
    0.999787449836731,
    0.999787449836731,
    0.999787449836731,
    0.999787449836731,
    0.999787449836731,
    0.999787449836731,
    0.999787449836731,
    0.999787449836731,
    1.0,
    1.0,
    1.0,
    1.0,
    1.0,
    1.0,
    1.0,
    1.0,
    1.0,
    1.0
  ],
  "train_loss": [
    4.581467628479004,
    4.557265758514404,
    4.50269889831543,
    4.384944915771484,
    4.23477840423584,
    4.07277774810791,
    3.900188446044922,
    3.719362497329712,
    3.5410385131835938,
    3.35691237449646,
    3.1581737995147705,
    2.940960645675659,
    2.686150550842285,
    2.3935070037841797,
    2.0802125930786133,
    1.7615935802459717,
    1.456812858581543,
    1.1682078838348389,
    0.9193805456161499,
    0.7157390713691711,
    0.5606178641319275,
    0.44576627016067505,
    0.36473777890205383,
    0.30706465244293213,
    0.26565098762512207,
    0.23450402915477753,
    0.21043948829174042,
    0.19101178646087646,
    0.17530936002731323,
    0.16296890377998352,
    0.15310819447040558,
    0.14461366832256317,
    0.13661827147006989,
    0.13004188239574432,
    0.12452108412981033,
    0.11924750357866287,
    0.11493635177612305,
    0.11097636818885803,
    0.10683827102184296,
    0.10267920047044754,
    0.09916210919618607,
    0.09604543447494507,
    0.09300250560045242,
    0.09028346836566925,
    0.08795735985040665,
    0.08583739399909973,
    0.08384711295366287,
    0.0818607360124588,
    0.079782634973526,
    0.07764232158660889,
    0.07574953883886337,
    0.07385652512311935,
    0.07216905057430267,
    0.0705881342291832,
    0.0690973624587059,
    0.06753533333539963,
    0.06595849990844727,
    0.0643707737326622,
    0.06287673115730286,
    0.06143433228135109,
    0.059930380433797836,
    0.05859905853867531,
    0.05736519768834114,
    0.056220151484012604,
    0.05511147156357765,
    0.053942639380693436,
    0.05259229987859726,
    0.0513022243976593,
    0.050159141421318054,
    0.049034785479307175,
    0.047716934233903885,
    0.04624716937541962,
    0.044942568987607956,
    0.043686699122190475,
    0.0424935556948185,
    0.04133915528655052,
    0.040174540132284164,
    0.039000965654850006,
    0.03774679824709892,
    0.03653384745121002,
    0.03548293933272362,
    0.03471425548195839,
    0.0340774804353714,
    0.03353384509682655,
    0.033035553991794586,
    0.03254403918981552,
    0.03203952684998512,
    0.03153056278824806,
    0.03104596957564354,
    0.030581369996070862,
    0.030121974647045135,
    0.029680436477065086,
    0.029237912967801094,
    0.02880701795220375,
    0.028372226282954216,
    0.02794513665139675,
    0.027519067749381065,
    0.027104947715997696,
    0.026705686002969742,
    0.026309119537472725
  ],