{
  "epoch": [
    0,
    50,
    100,
    150,
    200,
    250,
    300,
    350,
    400,
    450,
    500,
    550,
    600,
    650,
    700,
    750,
    800,
    850,
    900,
    950,
    1000,
    1050,
    1100,
    1150,
    1200,
    1250,
    1300,
    1350,
    1400,
    1450,
    1500,
    1550,
    1600,
    1650,
    1700,
    1750,
    1800,
    1850,
    1900,
    1950,
    2000,
    2050,
    2100,
    2150,
    2200,
    2250,
    2300,
    2350,
    2400,
    2450,
    2500,
    2550,
    2600,
    2650,
    2700,
    2750,
    2800,
    2850,
    2900,
    2950,
    3000,
    3050,
    3100,
    3150,
    3200,
    3250,
    3300,
    3350,
    3400,
    3450,
    3500,
    3550,
    3600,
    3650,
    3700,
    3750,
    3800,
    3850,
    3900,
    3950,
    4000,
    4050,
    4100,
    4150,
    4200,
    4250,
    4300,
    4350,
    4400,
    4450,
    4500,
    4550,
    4600,
    4650,
    4700,
    4750,
    4800,
    4850,
    4900,
    4950,
    5000,
    5050,
    5100,
    5150,
    5200,
    5250,
    5300,
    5350,
    5400,
    5450,
    5500,
    5550,
    5600,
    5650,
    5700,
    5750,
    5800,
    5850,
    5900,
    5950,
    6000,
    6050,
    6100,
    6150,
    6200,
    6250,
    6300,
    6350,
    6400,
    6450,
    6500,
    6550,
    6600,
    6650,
    6700,
    6750,
    6800,
    6850,
    6900,
    6950,
    7000,
    7050,
    7100,
    7150,
    7200,
    7250,
    7300,
    7350,
    7400,
    7450,
    7500,
    7550,
    7600,
    7650,
    7700,
    7750,
    7800,
    7850,
    7900,
    7950
  ],
  "train_acc": [
    0.011479591950774193,
    0.02253401279449463,
    0.05038265138864517,
    0.08567176759243011,
    0.14413265883922577,
    0.2202380895614624,
    0.301870733499527,
    0.3786139488220215,
    0.4583333432674408,
    0.5414540767669678,
    0.6407312750816345,
    0.7417091727256775,
    0.8346088528633118,
    0.9185799360275269,
    0.9717261791229248,
    0.9917091727256775,
    0.9980867505073547,
    1.0,
    1.0,
    1.0,
    1.0,
    1.0,
    1.0,
    1.0,
    1.0,
    1.0,
    1.0,
    1.0,
    1.0,
    1.0,
    1.0,
    1.0,
    1.0,
    1.0,
    1.0,
    1.0,
    1.0,
    1.0,
    1.0,
    1.0,
    1.0,
    1.0,
    1.0,
    1.0,
    1.0,
    1.0,
    1.0,
    1.0,
    1.0,
    1.0,
    1.0,
    1.0,
    1.0,
    1.0,
    1.0,
    1.0,
    1.0,
    1.0,
    1.0,
    1.0,
    1.0,
    1.0,
    1.0,
    1.0,
    1.0,
    1.0,
    1.0,
    1.0,
    1.0,
    1.0,
    1.0,
    1.0,
    1.0,
    1.0,
    1.0,
    1.0,
    1.0,
    1.0,
    1.0,
    1.0,
    1.0,
    1.0,
    1.0,
    1.0,
    1.0,
    1.0,
    1.0,
    1.0,
    1.0,
    1.0,
    1.0,
    1.0,
    1.0,
    1.0,
    1.0,
    1.0,
    1.0,
    1.0,
    1.0,
    1.0,
    1.0,
    1.0,
    1.0,
    1.0,
    1.0,
    1.0,
    1.0,
    1.0,
    1.0,
    1.0,
    1.0,
    1.0,
    1.0,
    1.0,
    1.0,
    1.0,
    1.0,
    1.0,
    1.0,
    1.0,
    1.0,
    1.0,
    1.0,
    1.0,
    1.0,
    1.0,
    1.0,
    1.0,
    1.0,
    1.0,
    1.0,
    1.0,
    1.0,
    1.0,
    1.0,
    1.0,
    1.0,
    1.0,
    1.0,
    1.0,
    1.0,
    1.0,
    1.0,
    1.0,
    1.0,
    1.0,
    1.0,
    1.0,
    1.0,
    1.0,
    1.0,
    1.0,
    1.0,
    1.0,
    1.0,
    1.0,
    1.0,
    1.0,
    1.0,
    1.0
  ],
  "test_acc": [
    0.00998937338590622,
    0.003400637535378337,
    0.0,
    0.00021253984596114606,
    0.0,
    0.0004250796919222921,
    0.0006376195815391839,
    0.0012752391630783677,
    0.0017003187676891685,
    0.002763018012046814,
    0.0038257173728197813,
    0.006376195698976517,
    0.011052072048187256,
    0.017215728759765625,
    0.02231668494641781,
    0.030818277969956398,
    0.04144527018070221,
    0.05526036024093628,
    0.06865037232637405,
    0.08076514303684235,
    0.09691817313432693,
    0.1147715225815773,
    0.13496281206607819,
    0.15515409409999847,
    0.1840595155954361,
    0.2110520750284195,
    0.23655685782432556,
    0.2718384563922882,
    0.3073326349258423,
    0.3407013714313507,
    0.3730074465274811,
    0.4112645983695984,
    0.4495217800140381,
    0.4850159287452698,
    0.5202975273132324,
    0.5528161525726318,
    0.5853347778320312,
    0.6193411350250244,
    0.6501594185829163,
    0.6809777021408081,
    0.7120084762573242,
    0.7407013773918152,
    0.7647184133529663,
    0.7904357314109802,
    0.8131774663925171,
    0.8367694020271301,
    0.8522847890853882,
    0.8626992702484131,
    0.8752391338348389,
    0.8839532136917114,
    0.8964930772781372,
    0.9066950082778931,
    0.9164718389511108,
    0.9241232872009277,
    0.9315621852874756,
    0.9390010833740234,
    0.9466524720191956,
    0.9528161287307739,
    0.958554744720459,
    0.9621679186820984,
    0.9672688841819763,
    0.9708820581436157,
    0.9751328229904175,
    0.9776833057403564,
    0.9812964797019958,
    0.9840595126152039,
    0.9855473041534424,
    0.9872475862503052,
    0.9891604781150818,
    0.9906482696533203,
    0.9908607602119446,
    0.9919235110282898,
    0.9931987524032593,
    0.9940488934516907,
    0.994686484336853,
    0.9955366849899292,
    0.9959617257118225,
    0.9959617257118225,
    0.9968119263648987,
    0.997236967086792,
    0.997449517250061,
    0.9985122084617615,
    0.9989373087882996,
    0.9991498589515686,
    0.9991498589515686,
    0.9995748996734619,
    0.9995748996734619,
    0.9995748996734619,
    0.999787449836731,
    0.999787449836731,
    0.999787449836731,
    0.999787449836731,
    0.999787449836731,
    0.999787449836731,
    1.0,
    1.0,
    1.0,
    1.0,
    1.0,
    1.0,
    1.0,
    1.0,
    1.0,
    1.0,
    1.0,
    1.0,
    1.0,
    1.0,
    1.0,
    1.0,
    1.0,
    1.0,
    1.0,
    1.0,
    1.0,
    1.0,
    1.0,
    1.0,
    1.0,
    1.0,
    1.0,
    1.0,
    1.0,
    1.0,
    1.0,
    1.0,
    1.0,
    1.0,
    1.0,
    1.0,
    1.0,
    1.0,
    1.0,
    1.0,
    1.0,
    1.0,
    1.0,
    1.0,
    1.0,
    1.0,
    1.0,
    1.0,
    1.0,
    1.0,
    1.0,
    1.0,
    1.0,
    1.0,
    1.0,
    1.0,
    1.0,
    1.0,
    1.0,
    1.0,
    1.0,
    1.0,
    1.0,
    1.0,
    1.0,
    1.0
  ],