{
  "epoch": [
    0,
    50,
    100,
    150,
    200,
    250,
    300,
    350,
    400,
    450,
    500,
    550,
    600,
    650,
    700,
    750,
    800,
    850,
    900,
    950,
    1000,
    1050,
    1100,
    1150,
    1200,
    1250,
    1300,
    1350,
    1400,
    1450,
    1500,
    1550,
    1600,
    1650,
    1700,
    1750,
    1800,
    1850,
    1900,
    1950,
    2000,
    2050,
    2100,
    2150,
    2200,
    2250,
    2300,
    2350,
    2400,
    2450,
    2500,
    2550,
    2600,
    2650,
    2700,
    2750,
    2800,
    2850,
    2900,
    2950,
    3000,
    3050,
    3100,
    3150,
    3200,
    3250,
    3300,
    3350,
    3400,
    3450,
    3500,
    3550,
    3600,
    3650,
    3700,
    3750,
    3800,
    3850,
    3900,
    3950,
    4000,
    4050,
    4100,
    4150,
    4200,
    4250,
    4300,
    4350,
    4400,
    4450,
    4500,
    4550,
    4600,
    4650,
    4700,
    4750,
    4800,
    4850,
    4900,
    4950
  ],
  "train_acc": [
    0.011904762126505375,
    0.03826530650258064,
    0.08142007142305374,
    0.23001700639724731,
    0.4938350319862366,
    0.7725340127944946,
    0.9657738208770752,
    0.9995748400688171,
    1.0,
    1.0,
    1.0,
    1.0,
    1.0,
    1.0,
    1.0,
    1.0,
    1.0,
    1.0,
    1.0,
    1.0,
    1.0,
    1.0,
    1.0,
    1.0,
    1.0,
    1.0,
    1.0,
    1.0,
    1.0,
    1.0,
    1.0,
    1.0,
    1.0,
    1.0,
    1.0,
    1.0,
    1.0,
    1.0,
    1.0,
    1.0,
    1.0,
    1.0,
    1.0,
    1.0,
    1.0,
    1.0,
    1.0,
    1.0,
    1.0,
    1.0,
    1.0,
    1.0,
    1.0,
    1.0,
    1.0,
    1.0,
    1.0,
    1.0,
    1.0,
    1.0,
    1.0,
    1.0,
    1.0,
    1.0,
    1.0,
    1.0,
    1.0,
    1.0,
    1.0,
    1.0,
    1.0,
    1.0,
    1.0,
    1.0,
    1.0,
    1.0,
    1.0,
    1.0,
    1.0,
    1.0,
    1.0,
    1.0,
    1.0,
    1.0,
    1.0,
    1.0,
    1.0,
    1.0,
    1.0,
    1.0,
    1.0,
    1.0,
    1.0,
    1.0,
    1.0,
    1.0,
    1.0,
    1.0,
    1.0,
    1.0
  ],
  "test_acc": [
    0.00998937338590622,
    0.0017003187676891685,
    0.00021253984596114606,
    0.0,
    0.0,
    0.0008501593838445842,
    0.0017003187676891685,
    0.003613177454099059,
    0.004250796977430582,
    0.00573857594281435,
    0.007013814989477396,
    0.008289054036140442,
    0.010201913304626942,
    0.015302869491279125,
    0.02082890458405018,
    0.024867162108421326,
    0.03273113816976547,
    0.047183845192193985,
    0.06078639626502991,
    0.0765143483877182,
    0.09649309515953064,
    0.12391073256731033,
    0.1530286967754364,
    0.1885228455066681,
    0.22571732103824615,
    0.2646121084690094,
    0.31477153301239014,
    0.3659936189651489,
    0.4144527018070221,
    0.4643995761871338,
    0.5179595947265625,
    0.5691817402839661,
    0.6140276193618774,
    0.6682252883911133,
    0.7115834355354309,
    0.7540913820266724,
    0.789585530757904,
    0.8176407814025879,
    0.8459085822105408,
    0.8690754771232605,
    0.8875664472579956,
    0.9022316932678223,
    0.9160467386245728,
    0.92709881067276,
    0.9375132918357849,
    0.9481402635574341,
    0.9574920535087585,
    0.9642933011054993,
    0.9702444076538086,
    0.973645031452179,
    0.976833164691925,
    0.9810839295387268,
    0.9842720627784729,
    0.9874601364135742,
    0.9889479279518127,
    0.9908607602119446,
    0.9921360015869141,
    0.994473934173584,
    0.9963868260383606,
    0.9968119263648987,
    0.9978746175765991,
    0.9978746175765991,
    0.9980871677398682,
    0.9982996582984924,
    0.9985122084617615,
    0.9985122084617615,
    0.9987247586250305,
    0.9987247586250305,
    0.9987247586250305,
    0.9987247586250305,
    0.9987247586250305,
    0.9987247586250305,
    0.9989373087882996,
    0.9991498589515686,
    0.9991498589515686,
    0.9993624091148376,
    0.9993624091148376,
    0.9993624091148376,
    0.9993624091148376,
    0.999787449836731,
    0.999787449836731,
    0.999787449836731,
    0.999787449836731,
    0.999787449836731,
    1.0,
    1.0,
    1.0,
    1.0,
    1.0,
    1.0,
    1.0,
    1.0,
    1.0,
    1.0,
    1.0,
    1.0,
    1.0,
    1.0,
    1.0,
    1.0
  ],
  "train_loss": [
    4.575651168823242,
    4.484386444091797,
    4.026876449584961,
    3.269153594970703,
    2.2841956615448,
    1.321375846862793,
    0.6380646824836731,
    0.29916250705718994,
    0.17404527962207794,
    0.12411488592624664,
    0.09917869418859482,
    0.08387699723243713,
    0.07320574671030045,
    0.06502004712820053,
    0.05840209871530533,
    0.05285089835524559,
    0.04811306670308113,
    0.04405655339360237,
    0.040456049144268036,
    0.037150051444768906,
    0.034190524369478226,
    0.03147927299141884,
    0.029142791405320168,
    0.027120254933834076,
    0.025334300473332405,
    0.023725038394331932,
    0.02229938842356205,
    0.020988810807466507,
    0.019751666113734245,
    0.01862589828670025,
    0.01761997677385807,
    0.016672849655151367,
    0.01583612896502018,
    0.015056957490742207,
    0.014340811409056187,
    0.013667489401996136,
    0.013048565946519375,
    0.012475675903260708,
    0.011926992796361446,
    0.011409376747906208,
    0.010935821570456028,
    0.010478387586772442,
    0.010052683763206005,
    0.009657022543251514,
    0.009284376166760921,
    0.008925474248826504,
    0.00858160387724638,
    0.008256936445832253,
    0.007955200038850307,
    0.0076669869013130665,
    0.007383865769952536,
    0.007114727515727282,
    0.006856619846075773,
    0.006607461720705032,
    0.0063787903636693954,
    0.00614916579797864,
    0.0059341867454349995,
    0.005732513498514891,
    0.005541373044252396,
    0.005359889008104801,
    0.005187346134334803,
    0.005024441052228212,
    0.004871157929301262,
    0.004723365418612957,
    0.004585568793118,
    0.004453803412616253,
    0.004329768940806389,
    0.004210570361465216,
    0.004095497541129589,
    0.003983607515692711,
    0.0038756728172302246,
    0.0037724210415035486,
    0.0036732375156134367,
    0.00357683002948761,
    0.00348322163335979,
    0.0033924737945199013,
    0.003304816549643874,
    0.00321979820728302,
    0.003136927494779229,
    0.0030567795038223267,
    0.002979464363306761,
    0.0029041774105280638,
    0.002830205950886011,
    0.0027583781629800797,
    0.002687980653718114,
    0.00261109322309494,
    0.002421401906758547,
    0.00232154899276793,
    0.0022725805174559355,
    0.002230130834504962,
    0.0021850767079740763,
    0.0021375000942498446,
    0.0020887297578155994,
    0.002040513791143894,
    0.0019925993401557207,
    0.001945753931067884,
    0.0018997621955350041,
    0.0018548686057329178,
    0.0018114557024091482,
    0.0017689233645796776
  ],