{
  "epoch": [
    0,
    50,
    100,
    150,
    200,
    250,
    300,
    350,
    400,
    450,
    500,
    550,
    600,
    650,
    700,
    750,
    800,
    850,
    900,
    950,
    1000,
    1050,
    1100,
    1150,
    1200,
    1250,
    1300,
    1350,
    1400,
    1450,
    1500,
    1550,
    1600,
    1650,
    1700,
    1750,
    1800,
    1850,
    1900,
    1950,
    2000,
    2050,
    2100,
    2150,
    2200,
    2250,
    2300,
    2350,
    2400,
    2450,
    2500,
    2550,
    2600,
    2650,
    2700,
    2750,
    2800,
    2850,
    2900,
    2950,
    3000,
    3050,
    3100,
    3150,
    3200,
    3250,
    3300,
    3350,
    3400,
    3450,
    3500,
    3550,
    3600,
    3650,
    3700,
    3750,
    3800,
    3850,
    3900,
    3950,
    4000,
    4050,
    4100,
    4150,
    4200,
    4250,
    4300,
    4350,
    4400,
    4450,
    4500,
    4550,
    4600,
    4650,
    4700,
    4750,
    4800,
    4850,
    4900,
    4950
  ],
  "train_acc": [
    0.010841837152838707,
    0.06738945841789246,
    0.2744472920894623,
    0.8754251599311829,
    1.0,
    1.0,
    1.0,
    1.0,
    1.0,
    1.0,
    1.0,
    1.0,
    1.0,
    1.0,
    1.0,
    1.0,
    1.0,
    1.0,
    1.0,
    1.0,
    1.0,
    1.0,
    1.0,
    1.0,
    1.0,
    1.0,
    1.0,
    1.0,
    1.0,
    1.0,
    1.0,
    1.0,
    1.0,
    1.0,
    1.0,
    1.0,
    1.0,
    1.0,
    1.0,
    1.0,
    1.0,
    1.0,
    1.0,
    1.0,
    1.0,
    1.0,
    1.0,
    1.0,
    1.0,
    1.0,
    1.0,
    1.0,
    1.0,
    1.0,
    1.0,
    1.0,
    1.0,
    1.0,
    1.0,
    1.0,
    1.0,
    1.0,
    1.0,
    1.0,
    1.0,
    1.0,
    1.0,
    1.0,
    1.0,
    1.0,
    1.0,
    1.0,
    1.0,
    1.0,
    1.0,
    1.0,
    1.0,
    1.0,
    1.0,
    1.0,
    1.0,
    1.0,
    1.0,
    1.0,
    1.0,
    1.0,
    1.0,
    1.0,
    1.0,
    1.0,
    1.0,
    1.0,
    1.0,
    1.0,
    1.0,
    1.0,
    1.0,
    1.0,
    1.0,
    1.0
  ],
  "test_acc": [
    0.006376195698976517,
    0.0,
    0.0,
    0.0,
    0.00021253984596114606,
    0.00021253984596114606,
    0.00021253984596114606,
    0.0004250796919222921,
    0.0006376195815391839,
    0.0006376195815391839,
    0.0010626992443576455,
    0.002125398488715291,
    0.002763018012046814,
    0.003613177454099059,
    0.00403825705870986,
    0.005951115861535072,
    0.011052072048187256,
    0.016365569084882736,
    0.02380446344614029,
    0.034218914806842804,
    0.046333689242601395,
    0.06461211293935776,
    0.08926673978567123,
    0.1183846965432167,
    0.158342182636261,
    0.20255047082901,
    0.25185972452163696,
    0.30669501423835754,
    0.36705631017684937,
    0.4257173240184784,
    0.4901168942451477,
    0.5570669770240784,
    0.6208289265632629,
    0.6746014952659607,
    0.7277364730834961,
    0.7725823521614075,
    0.8136025667190552,
    0.8452709913253784,
    0.8726886510848999,
    0.8960680365562439,
    0.9160467386245728,
    0.9339001178741455,
    0.9472901225090027,
    0.9572795033454895,
    0.9666312336921692,
    0.9747077822685242,
    0.981934130191803,
    0.9844846129417419,
    0.9885228276252747,
    0.9914984107017517,
    0.9929862022399902,
    0.9955366849899292,
    0.9968119263648987,
    0.9976620674133301,
    0.9978746175765991,
    0.9980871677398682,
    0.9985122084617615,
    0.9985122084617615,
    0.9985122084617615,
    0.9991498589515686,
    0.9991498589515686,
    0.9991498589515686,
    0.9991498589515686,
    0.9995748996734619,
    0.9995748996734619,
    0.999787449836731,
    0.999787449836731,
    0.999787449836731,
    0.999787449836731,
    0.999787449836731,
    0.999787449836731,
    0.999787449836731,
    0.999787449836731,
    1.0,
    1.0,
    1.0,
    1.0,
    1.0,
    1.0,
    1.0,
    1.0,
    1.0,
    1.0,
    1.0,
    1.0,
    1.0,
    1.0,
    1.0,
    1.0,
    1.0,
    1.0,
    1.0,
    1.0,
    1.0,
    1.0,
    1.0,
    1.0,
    1.0,
    1.0,
    1.0
  ],
  "train_loss": [
    4.575217247009277,
    4.311762809753418,
    3.147657871246338,
    1.2350314855575562,
    0.21571992337703705,
    0.08610483258962631,
    0.059575166553258896,
    0.04789392277598381,
    0.040773656219244,
    0.03562694042921066,
    0.03157677501440048,
    0.02822568453848362,
    0.025354862213134766,
    0.022844698280096054,
    0.0206992756575346,
    0.01882336102426052,
    0.017190439626574516,
    0.0157493706792593,
    0.014467630535364151,
    0.013313335366547108,
    0.012311466038227081,
    0.011431079357862473,
    0.010647997260093689,
    0.009931777603924274,
    0.009283926337957382,
    0.008693409152328968,
    0.00816236063838005,
    0.0076766167767345905,
    0.007241134066134691,
    0.006837178952991962,
    0.006467255298048258,
    0.006029320880770683,
    0.005541094113141298,
    0.005223049782216549,
    0.0049852486699819565,
    0.004773692227900028,
    0.004576982464641333,
    0.004392007831484079,
    0.00421509426087141,
    0.004046827554702759,
    0.003884790698066354,
    0.003732249140739441,
    0.003588195191696286,
    0.0034501126501709223,
    0.0033198948949575424,
    0.0031971849966794252,
    0.0030815417412668467,
    0.002971002133563161,
    0.002865734975785017,
    0.002766225254163146,
    0.002672045724466443,
    0.0025834739208221436,
    0.002498450456187129,
    0.0024159641470760107,
    0.0023372734431177378,
    0.002261967631056905,
    0.0021890937350690365,
    0.0021193730644881725,
    0.0020525632426142693,
    0.0019885480869561434,
    0.0019270635675638914,
    0.0018677699845284224,
    0.0018102056346833706,
    0.0017551126657053828,
    0.0017024138942360878,
    0.0016516037285327911,
    0.001602680655196309,
    0.0015554182464256883,
    0.0015096132410690188,
    0.0014655132545158267,
    0.0014225286431610584,
    0.0013814793201163411,
    0.00134184118360281,
    0.0013037740718573332,
    0.0012670367723330855,
    0.0012315810890868306,
    0.0011969656916335225,
    0.0011634723050519824,
    0.0011313383001834154,
    0.0011003278195858002,
    0.001070046448148787,
    0.0010408309753984213,
    0.001012630993500352,
    0.000985420192591846,
    0.0009590325644239783,
    0.0009331174078397453,
    0.0009080857853405178,
    0.0008838093490339816,
    0.0008602340240031481,
    0.0008375346660614014,
    0.0008155761752277613,
    0.0007943059899844229,
    0.0007734732353128493,
    0.0007531760493293405,
    0.0007335146656259894,
    0.0007144815754145384,
    0.0006959615857340395,
    0.0006780572002753615,
    0.0006607347168028355,
    0.0006439121207222342
  ],