{
  "epoch": [
    0,
    50,
    100,
    150,
    200,
    250,
    300,
    350,
    400,
    450,
    500,
    550,
    600,
    650,
    700,
    750,
    800,
    850,
    900,
    950,
    1000,
    1050,
    1100,
    1150,
    1200,
    1250,
    1300,
    1350,
    1400,
    1450,
    1500,
    1550,
    1600,
    1650,
    1700,
    1750,
    1800,
    1850,
    1900,
    1950,
    2000,
    2050,
    2100,
    2150,
    2200,
    2250,
    2300,
    2350,
    2400,
    2450,
    2500,
    2550,
    2600,
    2650,
    2700,
    2750,
    2800,
    2850,
    2900,
    2950,
    3000,
    3050,
    3100,
    3150,
    3200,
    3250,
    3300,
    3350,
    3400,
    3450,
    3500,
    3550,
    3600,
    3650,
    3700,
    3750,
    3800,
    3850,
    3900,
    3950,
    4000,
    4050,
    4100,
    4150,
    4200,
    4250,
    4300,
    4350,
    4400,
    4450,
    4500,
    4550,
    4600,
    4650,
    4700,
    4750,
    4800,
    4850,
    4900,
    4950,
    5000,
    5050,
    5100,
    5150,
    5200,
    5250,
    5300,
    5350,
    5400,
    5450,
    5500,
    5550,
    5600,
    5650,
    5700,
    5750,
    5800,
    5850,
    5900,
    5950,
    6000,
    6050,
    6100,
    6150,
    6200,
    6250,
    6300,
    6350,
    6400,
    6450,
    6500,
    6550,
    6600,
    6650,
    6700,
    6750,
    6800,
    6850,
    6900,
    6950,
    7000,
    7050,
    7100,
    7150,
    7200,
    7250,
    7300,
    7350,
    7400,
    7450,
    7500,
    7550,
    7600,
    7650,
    7700,
    7750,
    7800,
    7850,
    7900,
    7950
  ],
  "train_acc": [
    0.00956632662564516,
    0.018920067697763443,
    0.03231292590498924,
    0.04145408049225807,
    0.05633503571152687,
    0.08375850319862366,
    0.11968537420034409,
    0.16411565244197845,
    0.21513605117797852,
    0.28103742003440857,
    0.3792516887187958,
    0.5,
    0.6292517185211182,
    0.7557398080825806,
    0.8605442047119141,
    0.9345238208770752,
    0.9708758592605591,
    0.9902210831642151,
    0.9970238208770752,
    0.9987244606018066,
    0.9993622303009033,
    0.9995748400688171,
    0.9997873902320862,
    1.0,
    1.0,
    1.0,
    1.0,
    1.0,
    1.0,
    1.0,
    1.0,
    1.0,
    1.0,
    1.0,
    1.0,
    1.0,
    1.0,
    1.0,
    1.0,
    1.0,
    1.0,
    1.0,
    1.0,
    1.0,
    1.0,
    1.0,
    1.0,
    1.0,
    1.0,
    1.0,
    1.0,
    1.0,
    1.0,
    1.0,
    1.0,
    1.0,
    1.0,
    1.0,
    1.0,
    1.0,
    1.0,
    1.0,
    1.0,
    1.0,
    1.0,
    1.0,
    1.0,
    1.0,
    1.0,
    1.0,
    1.0,
    1.0,
    1.0,
    1.0,
    1.0,
    1.0,
    1.0,
    1.0,
    1.0,
    1.0,
    1.0,
    1.0,
    1.0,
    1.0,
    1.0,
    1.0,
    1.0,
    1.0,
    1.0,
    1.0,
    1.0,
    1.0,
    1.0,
    1.0,
    1.0,
    1.0,
    1.0,
    1.0,
    1.0,
    1.0,
    1.0,
    1.0,
    1.0,
    1.0,
    1.0,
    1.0,
    1.0,
    1.0,
    1.0,
    1.0,
    1.0,
    1.0,
    1.0,
    1.0,
    1.0,
    1.0,
    1.0,
    1.0,
    1.0,
    1.0,
    1.0,
    1.0,
    1.0,
    1.0,
    1.0,
    1.0,
    1.0,
    1.0,
    1.0,
    1.0,
    1.0,
    1.0,
    1.0,
    1.0,
    1.0,
    1.0,
    1.0,
    1.0,
    1.0,
    1.0,
    1.0,
    1.0,
    1.0,
    1.0,
    1.0,
    1.0,
    1.0,
    1.0,
    1.0,
    1.0,
    1.0,
    1.0,
    1.0,
    1.0,
    1.0,
    1.0,
    1.0,
    1.0,
    1.0,
    1.0
  ],
  "test_acc": [
    0.011052072048187256,
    0.00573857594281435,
    0.0017003187676891685,
    0.0010626992443576455,
    0.0008501593838445842,
    0.002125398488715291,
    0.0025504783261567354,
    0.00573857594281435,
    0.011052072048187256,
    0.021679064258933067,
    0.04357067123055458,
    0.08841657638549805,
    0.16620616614818573,
    0.28331562876701355,
    0.40616366267204285,
    0.5411264896392822,
    0.6724761128425598,
    0.7570669651031494,
    0.8216790556907654,
    0.8737513422966003,
    0.9015940427780151,
    0.9173219799995422,
    0.9304994940757751,
    0.9424017071723938,
    0.9528161287307739,
    0.958554744720459,
    0.9642933011054993,
    0.9700318574905396,
    0.9753453731536865,
    0.9798086881637573,
    0.981934130191803,
    0.9823591709136963,
    0.9842720627784729,
    0.9868225455284119,
    0.9878852367401123,
    0.9887353777885437,
    0.9906482696533203,
    0.9904357194900513,
    0.9910733103752136,
    0.9914984107017517,
    0.9927736520767212,
    0.9940488934516907,
    0.9948990345001221,
    0.9955366849899292,
    0.9955366849899292,
    0.9955366849899292,
    0.9955366849899292,
    0.9959617257118225,
    0.9961742758750916,
    0.9961742758750916,
    0.9965993762016296,
    0.9968119263648987,
    0.9968119263648987,
    0.9963868260383606,
    0.9959617257118225,
    0.9961742758750916,
    0.9961742758750916,
    0.9961742758750916,
    0.9963868260383606,
    0.9965993762016296,
    0.9968119263648987,
    0.9965993762016296,
    0.9963868260383606,
    0.9965993762016296,
    0.9965993762016296,
    0.9965993762016296,
    0.9968119263648987,
    0.9968119263648987,
    0.9968119263648987,
    0.9968119263648987,
    0.997024416923523,
    0.997449517250061,
    0.997449517250061,
    0.9978746175765991,
    0.9976620674133301,
    0.997449517250061,
    0.997449517250061,
    0.9976620674133301,
    0.9976620674133301,
    0.9976620674133301,
    0.997449517250061,
    0.9976620674133301,
    0.9976620674133301,
    0.9976620674133301,
    0.997449517250061,
    0.9978746175765991,
    0.9980871677398682,
    0.9978746175765991,
    0.9978746175765991,
    0.9978746175765991,
    0.9978746175765991,
    0.9982996582984924,
    0.9982996582984924,
    0.9982996582984924,
    0.9982996582984924,
    0.9985122084617615,
    0.9985122084617615,
    0.9982996582984924,
    0.9985122084617615,
    0.9985122084617615,
    0.9985122084617615,
    0.9985122084617615,
    0.9985122084617615,
    0.9985122084617615,
    0.9985122084617615,
    0.9987247586250305,
    0.9987247586250305,
    0.9987247586250305,
    0.9987247586250305,
    0.9987247586250305,
    0.9987247586250305,
    0.9987247586250305,
    0.9987247586250305,
    0.9987247586250305,
    0.9987247586250305,
    0.9987247586250305,
    0.9987247586250305,
    0.9989373087882996,
    0.9989373087882996,
    0.9989373087882996,
    0.9989373087882996,
    0.9989373087882996,
    0.9989373087882996,
    0.9989373087882996,
    0.9989373087882996,
    0.9989373087882996,
    0.9989373087882996,
    0.9989373087882996,
    0.9989373087882996,
    0.9989373087882996,
    0.9989373087882996,
    0.9989373087882996,
    0.9989373087882996,
    0.9991498589515686,
    0.9991498589515686,
    0.9991498589515686,
    0.9991498589515686,
    0.9991498589515686,
    0.9991498589515686,
    0.9991498589515686,
    0.9991498589515686,
    0.9991498589515686,
    0.9991498589515686,
    0.9991498589515686,
    0.9993624091148376,
    0.9993624091148376,
    0.9995748996734619,
    0.9995748996734619,
    0.9995748996734619,
    0.9995748996734619,
    0.9995748996734619,
    0.9995748996734619,
    0.9995748996734619,
    0.9995748996734619,
    0.9995748996734619,
    0.9995748996734619,
    0.9995748996734619,
    0.9995748996734619,
    0.9995748996734619,
    0.9995748996734619
  ],