{
  "epoch": [
    0,
    50,
    100,
    150,
    200,
    250,
    300,
    350,
    400,
    450,
    500,
    550,
    600,
    650,
    700,
    750,
    800,
    850,
    900,
    950,
    1000,
    1050,
    1100,
    1150,
    1200,
    1250,
    1300,
    1350,
    1400,
    1450,
    1500,
    1550,
    1600,
    1650,
    1700,
    1750,
    1800,
    1850,
    1900,
    1950,
    2000,
    2050,
    2100,
    2150,
    2200,
    2250,
    2300,
    2350,
    2400,
    2450,
    2500,
    2550,
    2600,
    2650,
    2700,
    2750,
    2800,
    2850,
    2900,
    2950,
    3000,
    3050,
    3100,
    3150,
    3200,
    3250,
    3300,
    3350,
    3400,
    3450,
    3500,
    3550,
    3600,
    3650,
    3700,
    3750,
    3800,
    3850,
    3900,
    3950,
    4000,
    4050,
    4100,
    4150,
    4200,
    4250,
    4300,
    4350,
    4400,
    4450,
    4500,
    4550,
    4600,
    4650,
    4700,
    4750,
    4800,
    4850,
    4900,
    4950,
    5000,
    5050,
    5100,
    5150,
    5200,
    5250,
    5300,
    5350,
    5400,
    5450,
    5500,
    5550,
    5600,
    5650,
    5700,
    5750,
    5800,
    5850,
    5900,
    5950,
    6000,
    6050,
    6100,
    6150,
    6200,
    6250,
    6300,
    6350,
    6400,
    6450,
    6500,
    6550,
    6600,
    6650,
    6700,
    6750,
    6800,
    6850,
    6900,
    6950,
    7000,
    7050,
    7100,
    7150,
    7200,
    7250,
    7300,
    7350,
    7400,
    7450,
    7500,
    7550,
    7600,
    7650,
    7700,
    7750,
    7800,
    7850,
    7900,
    7950
  ],
  "train_acc": [
    0.010629251599311829,
    0.0342261902987957,
    0.08078231662511826,
    0.2261904776096344,
    0.4978741407394409,
    0.7918792366981506,
    0.9789540767669678,
    1.0,
    1.0,
    1.0,
    1.0,
    1.0,
    1.0,
    1.0,
    1.0,
    1.0,
    1.0,
    1.0,
    1.0,
    1.0,
    1.0,
    1.0,
    1.0,
    1.0,
    1.0,
    1.0,
    1.0,
    1.0,
    1.0,
    1.0,
    1.0,
    1.0,
    1.0,
    1.0,
    1.0,
    1.0,
    1.0,
    1.0,
    1.0,
    1.0,
    1.0,
    1.0,
    1.0,
    1.0,
    1.0,
    1.0,
    1.0,
    1.0,
    1.0,
    1.0,
    1.0,
    1.0,
    1.0,
    1.0,
    1.0,
    1.0,
    1.0,
    1.0,
    1.0,
    1.0,
    1.0,
    1.0,
    1.0,
    1.0,
    1.0,
    1.0,
    1.0,
    1.0,
    1.0,
    1.0,
    1.0,
    1.0,
    1.0,
    1.0,
    1.0,
    1.0,
    1.0,
    1.0,
    1.0,
    1.0,
    1.0,
    1.0,
    1.0,
    1.0,
    1.0,
    1.0,
    1.0,
    1.0,
    1.0,
    1.0,
    1.0,
    1.0,
    1.0,
    1.0,
    1.0,
    1.0,
    1.0,
    1.0,
    1.0,
    1.0,
    1.0,
    1.0,
    1.0,
    1.0,
    1.0,
    1.0,
    1.0,
    1.0,
    1.0,
    1.0,
    1.0,
    1.0,
    1.0,
    1.0,
    1.0,
    1.0,
    1.0,
    1.0,
    1.0,
    1.0,
    1.0,
    1.0,
    1.0,
    1.0,
    1.0,
    1.0,
    1.0,
    1.0,
    1.0,
    1.0,
    1.0,
    1.0,
    1.0,
    1.0,
    1.0,
    1.0,
    1.0,
    1.0,
    1.0,
    1.0,
    1.0,
    1.0,
    1.0,
    1.0,
    1.0,
    1.0,
    1.0,
    1.0,
    1.0,
    1.0,
    1.0,
    1.0,
    1.0,
    1.0,
    1.0,
    1.0,
    1.0,
    1.0,
    1.0,
    1.0
  ],
  "test_acc": [
    0.008926673792302608,
    0.0004250796919222921,
    0.0,
    0.0,
    0.0,
    0.0010626992443576455,
    0.0017003187676891685,
    0.003400637535378337,
    0.005100956652313471,
    0.006588735617697239,
    0.008926673792302608,
    0.010626992210745811,
    0.013177471235394478,
    0.014452709816396236,
    0.017853347584605217,
    0.021891605108976364,
    0.026354942470788956,
    0.031243357807397842,
    0.04038257151842117,
    0.05058448389172554,
    0.05993623659014702,
    0.06971307098865509,
    0.08310308307409286,
    0.09458023309707642,
    0.11094580590724945,
    0.13071200251579285,
    0.153878852725029,
    0.1764080822467804,
    0.20233793556690216,
    0.2267800271511078,
    0.25632306933403015,
    0.28544101119041443,
    0.31434643268585205,
    0.3502656817436218,
    0.3866100013256073,
    0.41976621747016907,
    0.4590860903263092,
    0.49351754784584045,
    0.5353878736495972,
    0.5698193311691284,
    0.6006376147270203,
    0.63655686378479,
    0.6729011535644531,
    0.7007439136505127,
    0.7341126203536987,
    0.7662061452865601,
    0.7910733222961426,
    0.8167906403541565,
    0.8405951261520386,
    0.8584484457969666,
    0.8797024488449097,
    0.8986185193061829,
    0.9162592887878418,
    0.9294367432594299,
    0.9387885332107544,
    0.9498406052589417,
    0.9583421945571899,
    0.9640807509422302,
    0.971307098865509,
    0.9751328229904175,
    0.9787459969520569,
    0.9823591709136963,
    0.9855473041534424,
    0.9880977869033813,
    0.9902231693267822,
    0.9917109608650208,
    0.9938363432884216,
    0.994686484336853,
    0.9957491755485535,
    0.9959617257118225,
    0.9965993762016296,
    0.997236967086792,
    0.9980871677398682,
    0.9980871677398682,
    0.9982996582984924,
    0.9985122084617615,
    0.9993624091148376,
    0.9993624091148376,
    0.9993624091148376,
    0.9993624091148376,
    0.9995748996734619,
    0.999787449836731,
    0.999787449836731,
    0.999787449836731,
    0.999787449836731,
    0.999787449836731,
    1.0,
    1.0,
    1.0,
    1.0,
    1.0,
    1.0,
    1.0,
    1.0,
    1.0,
    1.0,
    1.0,
    1.0,
    1.0,
    1.0,
    1.0,
    1.0,
    1.0,
    1.0,
    1.0,
    1.0,
    1.0,
    1.0,
    1.0,
    1.0,
    1.0,
    1.0,
    1.0,
    1.0,
    1.0,
    1.0,
    1.0,
    1.0,
    1.0,
    1.0,
    1.0,
    1.0,
    1.0,
    1.0,
    1.0,
    1.0,
    1.0,
    1.0,
    1.0,
    1.0,
    1.0,
    1.0,
    1.0,
    1.0,
    1.0,
    1.0,
    1.0,
    1.0,
    1.0,
    1.0,
    1.0,
    1.0,
    1.0,
    1.0,
    1.0,
    1.0,
    1.0,
    1.0,
    1.0,
    1.0,
    1.0,
    1.0,
    1.0,
    1.0,
    1.0,
    1.0,
    1.0,
    1.0,
    1.0,
    1.0
  ],