{
  "epoch": [
    0,
    50,
    100,
    150,
    200,
    250,
    300,
    350,
    400,
    450,
    500,
    550,
    600,
    650,
    700,
    750,
    800,
    850,
    900,
    950,
    1000,
    1050,
    1100,
    1150,
    1200,
    1250,
    1300,
    1350,
    1400,
    1450,
    1500,
    1550,
    1600,
    1650,
    1700,
    1750,
    1800,
    1850,
    1900,
    1950,
    2000,
    2050,
    2100,
    2150,
    2200,
    2250,
    2300,
    2350,
    2400,
    2450,
    2500,
    2550,
    2600,
    2650,
    2700,
    2750,
    2800,
    2850,
    2900,
    2950,
    3000,
    3050,
    3100,
    3150,
    3200,
    3250,
    3300,
    3350,
    3400,
    3450,
    3500,
    3550,
    3600,
    3650,
    3700,
    3750,
    3800,
    3850,
    3900,
    3950,
    4000,
    4050,
    4100,
    4150,
    4200,
    4250,
    4300,
    4350,
    4400,
    4450,
    4500,
    4550,
    4600,
    4650,
    4700,
    4750,
    4800,
    4850,
    4900,
    4950
  ],
  "train_acc": [
    0.010416666977107525,
    0.12223639339208603,
    0.976190447807312,
    1.0,
    1.0,
    1.0,
    1.0,
    1.0,
    1.0,
    1.0,
    1.0,
    1.0,
    1.0,
    1.0,
    1.0,
    1.0,
    1.0,
    1.0,
    1.0,
    1.0,
    1.0,
    1.0,
    1.0,
    1.0,
    1.0,
    1.0,
    1.0,
    1.0,
    1.0,
    1.0,
    1.0,
    1.0,
    1.0,
    1.0,
    1.0,
    1.0,
    1.0,
    1.0,
    1.0,
    1.0,
    1.0,
    1.0,
    1.0,
    1.0,
    1.0,
    1.0,
    1.0,
    1.0,
    1.0,
    1.0,
    1.0,
    1.0,
    1.0,
    1.0,
    1.0,
    1.0,
    1.0,
    1.0,
    1.0,
    1.0,
    1.0,
    1.0,
    1.0,
    1.0,
    1.0,
    1.0,
    1.0,
    1.0,
    1.0,
    1.0,
    1.0,
    1.0,
    1.0,
    1.0,
    1.0,
    1.0,
    1.0,
    1.0,
    1.0,
    1.0,
    1.0,
    1.0,
    1.0,
    1.0,
    1.0,
    1.0,
    1.0,
    1.0,
    1.0,
    1.0,
    1.0,
    1.0,
    1.0,
    1.0,
    1.0,
    1.0,
    1.0,
    1.0,
    1.0,
    1.0
  ],
  "test_acc": [
    0.00998937338590622,
    0.0,
    0.0,
    0.0,
    0.0,
    0.0,
    0.0,
    0.0,
    0.00021253984596114606,
    0.00021253984596114606,
    0.00021253984596114606,
    0.0004250796919222921,
    0.0006376195815391839,
    0.0008501593838445842,
    0.001487778965383768,
    0.0031880978494882584,
    0.004250796977430582,
    0.006588735617697239,
    0.011264611966907978,
    0.017853347584605217,
    0.02826780080795288,
    0.04527098685503006,
    0.06950052827596664,
    0.09883102774620056,
    0.13836343586444855,
    0.18788522481918335,
    0.24675877392292023,
    0.316896915435791,
    0.3982996940612793,
    0.47736451029777527,
    0.5517534613609314,
    0.6303932070732117,
    0.6996811628341675,
    0.7611051797866821,
    0.8087141513824463,
    0.8535600304603577,
    0.8903294205665588,
    0.9200850129127502,
    0.9430392980575562,
    0.9608926773071289,
    0.9730074405670166,
    0.9812964797019958,
    0.9880977869033813,
    0.9923485517501831,
    0.9948990345001221,
    0.9961742758750916,
    0.9976620674133301,
    0.9985122084617615,
    0.9991498589515686,
    0.9993624091148376,
    0.9993624091148376,
    0.999787449836731,
    1.0,
    1.0,
    1.0,
    1.0,
    1.0,
    1.0,
    1.0,
    1.0,
    1.0,
    1.0,
    1.0,
    1.0,
    1.0,
    1.0,
    1.0,
    1.0,
    1.0,
    1.0,
    1.0,
    1.0,
    1.0,
    1.0,
    1.0,
    1.0,
    1.0,
    1.0,
    1.0,
    1.0,
    1.0,
    1.0,
    1.0,
    1.0,
    1.0,
    1.0,
    1.0,
    1.0,
    1.0,
    1.0,
    1.0,
    1.0,
    1.0,
    1.0,
    1.0,
    1.0,
    1.0,
    1.0,
    1.0,
    1.0
  ],
  "train_loss": [
    4.575615882873535,
    3.809359312057495,
    1.0277680158615112,
    0.06448055058717728,
    0.03618863597512245,
    0.028649913147091866,
    0.02418293058872223,
    0.020981380715966225,
    0.018490873277187347,
    0.016466688364744186,
    0.014771546237170696,
    0.013332347385585308,
    0.012085022404789925,
    0.011004091240465641,
    0.010054444894194603,
    0.009216580539941788,
    0.00846867635846138,
    0.00780663825571537,
    0.007221153937280178,
    0.006691745948046446,
    0.0062110754661262035,
    0.0057833450846374035,
    0.005395221523940563,
    0.005036761052906513,
    0.004710055887699127,
    0.004416605457663536,
    0.004146615043282509,
    0.003901023417711258,
    0.0036756708286702633,
    0.003466129768639803,
    0.0032756521832197905,
    0.0031000671442598104,
    0.002936064498499036,
    0.0027858340181410313,
    0.0026481763925403357,
    0.0025206890422850847,
    0.0024012280628085136,
    0.0022904237266629934,
    0.002186370315030217,
    0.002089288318529725,
    0.0019986042752861977,
    0.0019128044368699193,
    0.0018329467857256532,
    0.0017585022142156959,
    0.0016877810703590512,
    0.0016206781147047877,
    0.0015573898563161492,
    0.001497278455644846,
    0.001440688967704773,
    0.0013866964727640152,
    0.0012730323942378163,
    0.0011897027725353837,
    0.0011552379000931978,
    0.001127787516452372,
    0.0010987594723701477,
    0.0010679266415536404,
    0.0010366537608206272,
    0.0010052708676084876,
    0.0009743161499500275,
    0.000944261671975255,
    0.0009152410784736276,
    0.0008873192709870636,
    0.0008602775633335114,
    0.0008342097862623632,
    0.0008089369512163103,
    0.0007845677901059389,
    0.0007611400214955211,
    0.000738578790333122,
    0.000716746028047055,
    0.0006956511060707271,
    0.0006753631751053035,
    0.0006558411987498403,
    0.0006370807532221079,
    0.0006188395200297236,
    0.0006011462537571788,
    0.0005840652156621218,
    0.0005676387227140367,
    0.0005516824312508106,
    0.0005361897055990994,
    0.0005211745738051832,
    0.0005066987941972911,
    0.0004927314585074782,
    0.00047919966164045036,
    0.00046607578406110406,
    0.0004533861356321722,
    0.000441102689364925,
    0.0004291587683837861,
    0.00041761313332244754,
    0.0004063768428750336,
    0.0003955084248445928,
    0.00038496454362757504,
    0.00037475358112715185,
    0.00036480335984379053,
    0.00035515957279130816,
    0.00034417794086039066,
    0.0003183422959409654,
    0.00030420711846090853,
    0.0002989397326018661,
    0.0002939418191090226,
    0.00028817408019676805
  ],