{
  "epoch": [
    0,
    50,
    100,
    150,
    200,
    250,
    300,
    350,
    400,
    450,
    500,
    550,
    600,
    650,
    700,
    750,
    800,
    850,
    900,
    950,
    1000,
    1050,
    1100,
    1150,
    1200,
    1250,
    1300,
    1350,
    1400,
    1450,
    1500,
    1550,
    1600,
    1650,
    1700,
    1750,
    1800,
    1850,
    1900,
    1950,
    2000,
    2050,
    2100,
    2150,
    2200,
    2250,
    2300,
    2350,
    2400,
    2450,
    2500,
    2550,
    2600,
    2650,
    2700,
    2750,
    2800,
    2850,
    2900,
    2950,
    3000,
    3050,
    3100,
    3150,
    3200,
    3250,
    3300,
    3350,
    3400,
    3450,
    3500,
    3550,
    3600,
    3650,
    3700,
    3750,
    3800,
    3850,
    3900,
    3950,
    4000,
    4050,
    4100,
    4150,
    4200,
    4250,
    4300,
    4350,
    4400,
    4450,
    4500,
    4550,
    4600,
    4650,
    4700,
    4750,
    4800,
    4850,
    4900,
    4950,
    5000,
    5050,
    5100,
    5150,
    5200,
    5250,
    5300,
    5350,
    5400,
    5450,
    5500,
    5550,
    5600,
    5650,
    5700,
    5750,
    5800,
    5850,
    5900,
    5950,
    6000,
    6050,
    6100,
    6150,
    6200,
    6250,
    6300,
    6350,
    6400,
    6450,
    6500,
    6550,
    6600,
    6650,
    6700,
    6750,
    6800,
    6850,
    6900,
    6950,
    7000,
    7050,
    7100,
    7150,
    7200,
    7250,
    7300,
    7350,
    7400,
    7450,
    7500,
    7550,
    7600,
    7650,
    7700,
    7750,
    7800,
    7850,
    7900,
    7950
  ],
  "train_acc": [
    0.010841837152838707,
    0.07206632941961288,
    0.28911563754081726,
    0.8922193646430969,
    1.0,
    1.0,
    1.0,
    1.0,
    1.0,
    1.0,
    1.0,
    1.0,
    1.0,
    1.0,
    1.0,
    1.0,
    1.0,
    1.0,
    1.0,
    1.0,
    1.0,
    1.0,
    1.0,
    1.0,
    1.0,
    1.0,
    1.0,
    1.0,
    1.0,
    1.0,
    1.0,
    1.0,
    1.0,
    1.0,
    1.0,
    1.0,
    1.0,
    1.0,
    1.0,
    1.0,
    1.0,
    1.0,
    1.0,
    1.0,
    1.0,
    1.0,
    1.0,
    1.0,
    1.0,
    1.0,
    1.0,
    1.0,
    1.0,
    1.0,
    1.0,
    1.0,
    1.0,
    1.0,
    1.0,
    1.0,
    1.0,
    1.0,
    1.0,
    1.0,
    1.0,
    1.0,
    1.0,
    1.0,
    1.0,
    1.0,
    1.0,
    1.0,
    1.0,
    1.0,
    1.0,
    1.0,
    1.0,
    1.0,
    1.0,
    1.0,
    1.0,
    1.0,
    1.0,
    1.0,
    1.0,
    1.0,
    1.0,
    1.0,
    1.0,
    1.0,
    1.0,
    1.0,
    1.0,
    1.0,
    1.0,
    1.0,
    1.0,
    1.0,
    1.0,
    1.0,
    1.0,
    1.0,
    1.0,
    1.0,
    1.0,
    1.0,
    1.0,
    1.0,
    1.0,
    1.0,
    1.0,
    1.0,
    1.0,
    1.0,
    1.0,
    1.0,
    1.0,
    1.0,
    1.0,
    1.0,
    1.0,
    1.0,
    1.0,
    1.0,
    1.0,
    1.0,
    1.0,
    1.0,
    1.0,
    1.0,
    1.0,
    1.0,
    1.0,
    1.0,
    1.0,
    1.0,
    1.0,
    1.0,
    1.0,
    1.0,
    1.0,
    1.0,
    1.0,
    1.0,
    1.0,
    1.0,
    1.0,
    1.0,
    1.0,
    1.0,
    1.0,
    1.0,
    1.0,
    1.0,
    1.0,
    1.0,
    1.0,
    1.0,
    1.0,
    1.0
  ],
  "test_acc": [
    0.00913921371102333,
    0.0,
    0.0,
    0.0,
    0.0,
    0.00021253984596114606,
    0.0004250796919222921,
    0.0006376195815391839,
    0.0008501593838445842,
    0.0010626992443576455,
    0.0012752391630783677,
    0.002125398488715291,
    0.0031880978494882584,
    0.00403825705870986,
    0.005526036024093628,
    0.00913921371102333,
    0.012327311560511589,
    0.01679064892232418,
    0.020403826609253883,
    0.028905419632792473,
    0.041020192205905914,
    0.05611051991581917,
    0.07120084762573242,
    0.09117959439754486,
    0.11710945516824722,
    0.1458023339509964,
    0.18108394742012024,
    0.22104144096374512,
    0.26439958810806274,
    0.3124335706233978,
    0.3649309277534485,
    0.422104150056839,
    0.47375133633613586,
    0.5285866260528564,
    0.5789585709571838,
    0.6312433481216431,
    0.6816152930259705,
    0.7347502708435059,
    0.7749202847480774,
    0.8114771246910095,
    0.846971333026886,
    0.8741763830184937,
    0.8994686603546143,
    0.9183846712112427,
    0.9319872260093689,
    0.9485653638839722,
    0.9574920535087585,
    0.9664186835289001,
    0.9723697900772095,
    0.9785334467887878,
    0.982146680355072,
    0.9859723448753357,
    0.9880977869033813,
    0.9902231693267822,
    0.9921360015869141,
    0.9931987524032593,
    0.9951115846633911,
    0.9961742758750916,
    0.9965993762016296,
    0.9968119263648987,
    0.9976620674133301,
    0.9980871677398682,
    0.9982996582984924,
    0.9989373087882996,
    0.9989373087882996,
    0.9991498589515686,
    0.9993624091148376,
    0.9993624091148376,
    0.9993624091148376,
    0.9993624091148376,
    0.9995748996734619,
    0.9995748996734619,
    0.9995748996734619,
    0.999787449836731,
    0.999787449836731,
    0.999787449836731,
    0.999787449836731,
    0.999787449836731,
    0.999787449836731,
    0.999787449836731,
    0.999787449836731,
    0.999787449836731,
    0.999787449836731,
    1.0,
    1.0,
    1.0,
    1.0,
    1.0,
    1.0,
    1.0,
    1.0,
    1.0,
    1.0,
    1.0,
    1.0,
    1.0,
    1.0,
    1.0,
    1.0,
    1.0,
    1.0,
    1.0,
    1.0,
    1.0,
    1.0,
    1.0,
    1.0,
    1.0,
    1.0,
    1.0,
    1.0,
    1.0,
    1.0,
    1.0,
    1.0,
    1.0,
    1.0,
    1.0,
    1.0,
    1.0,
    1.0,
    1.0,
    1.0,
    1.0,
    1.0,
    1.0,
    1.0,
    1.0,
    1.0,
    1.0,
    1.0,
    1.0,
    1.0,
    1.0,
    1.0,
    1.0,
    1.0,
    1.0,
    1.0,
    1.0,
    1.0,
    1.0,
    1.0,
    1.0,
    1.0,
    1.0,
    1.0,
    1.0,
    1.0,
    1.0,
    1.0,
    1.0,
    1.0,
    1.0,
    1.0,
    1.0,
    1.0,
    1.0,
    1.0,
    1.0
  ],