{
  "epoch": [
    0,
    50,
    100,
    150,
    200,
    250,
    300,
    350,
    400,
    450,
    500,
    550,
    600,
    650,
    700,
    750,
    800,
    850,
    900,
    950,
    1000,
    1050,
    1100,
    1150,
    1200,
    1250,
    1300,
    1350,
    1400,
    1450,
    1500,
    1550,
    1600,
    1650,
    1700,
    1750,
    1800,
    1850,
    1900,
    1950,
    2000,
    2050,
    2100,
    2150,
    2200,
    2250,
    2300,
    2350,
    2400,
    2450,
    2500,
    2550,
    2600,
    2650,
    2700,
    2750,
    2800,
    2850,
    2900,
    2950,
    3000,
    3050,
    3100,
    3150,
    3200,
    3250,
    3300,
    3350,
    3400,
    3450,
    3500,
    3550,
    3600,
    3650,
    3700,
    3750,
    3800,
    3850,
    3900,
    3950,
    4000,
    4050,
    4100,
    4150,
    4200,
    4250,
    4300,
    4350,
    4400,
    4450,
    4500,
    4550,
    4600,
    4650,
    4700,
    4750,
    4800,
    4850,
    4900,
    4950
  ],
  "train_acc": [
    0.00956632662564516,
    0.028911564499139786,
    0.07397959381341934,
    0.21109694242477417,
    0.4866071343421936,
    0.7767857313156128,
    0.9725765585899353,
    1.0,
    1.0,
    1.0,
    1.0,
    1.0,
    1.0,
    1.0,
    1.0,
    1.0,
    1.0,
    1.0,
    1.0,
    1.0,
    1.0,
    1.0,
    1.0,
    1.0,
    1.0,
    1.0,
    1.0,
    1.0,
    1.0,
    1.0,
    1.0,
    1.0,
    1.0,
    1.0,
    1.0,
    1.0,
    1.0,
    1.0,
    1.0,
    1.0,
    1.0,
    1.0,
    1.0,
    1.0,
    1.0,
    1.0,
    1.0,
    1.0,
    1.0,
    1.0,
    1.0,
    1.0,
    1.0,
    1.0,
    1.0,
    1.0,
    1.0,
    1.0,
    1.0,
    1.0,
    1.0,
    1.0,
    1.0,
    1.0,
    1.0,
    1.0,
    1.0,
    1.0,
    1.0,
    1.0,
    1.0,
    1.0,
    1.0,
    1.0,
    1.0,
    1.0,
    1.0,
    1.0,
    1.0,
    1.0,
    1.0,
    1.0,
    1.0,
    1.0,
    1.0,
    1.0,
    1.0,
    1.0,
    1.0,
    1.0,
    1.0,
    1.0,
    1.0,
    1.0,
    1.0,
    1.0,
    1.0,
    1.0,
    1.0,
    1.0
  ],
  "test_acc": [
    0.010626992210745811,
    0.0019128586864098907,
    0.0,
    0.0,
    0.0,
    0.0006376195815391839,
    0.0010626992443576455,
    0.0023379384074360132,
    0.003400637535378337,
    0.0046758768148720264,
    0.006376195698976517,
    0.007651434745639563,
    0.010201913304626942,
    0.013602550141513348,
    0.017853347584605217,
    0.02146652527153492,
    0.027842720970511436,
    0.034218914806842804,
    0.0418703518807888,
    0.05738576129078865,
    0.07120084762573242,
    0.09287991374731064,
    0.11774707585573196,
    0.14112645387649536,
    0.16726885735988617,
    0.19829967617988586,
    0.22699256241321564,
    0.26099893450737,
    0.3056322932243347,
    0.35664185881614685,
    0.40488842129707336,
    0.45611050724983215,
    0.5086078643798828,
    0.5647183656692505,
    0.6150903105735779,
    0.662486732006073,
    0.7062699198722839,
    0.7487778663635254,
    0.7851222157478333,
    0.8189160227775574,
    0.8433581590652466,
    0.8697130680084229,
    0.8935175538063049,
    0.9139213562011719,
    0.9307119846343994,
    0.9451647400856018,
    0.9549415707588196,
    0.9625929594039917,
    0.9696068167686462,
    0.9744952321052551,
    0.9787459969520569,
    0.9825717210769653,
    0.9846971035003662,
    0.9876726865768433,
    0.9908607602119446,
    0.9925611019134521,
    0.9934112429618835,
    0.994686484336853,
    0.9953241348266602,
    0.9955366849899292,
    0.9963868260383606,
    0.9965993762016296,
    0.9968119263648987,
    0.997449517250061,
    0.9978746175765991,
    0.9980871677398682,
    0.9985122084617615,
    0.9985122084617615,
    0.9989373087882996,
    0.9989373087882996,
    0.9991498589515686,
    0.9995748996734619,
    0.999787449836731,
    0.999787449836731,
    0.999787449836731,
    0.999787449836731,
    1.0,
    1.0,
    1.0,
    1.0,
    1.0,
    1.0,
    1.0,
    1.0,
    1.0,
    1.0,
    1.0,
    1.0,
    1.0,
    1.0,
    1.0,
    1.0,
    1.0,
    1.0,
    1.0,
    1.0,
    1.0,
    1.0,
    1.0,
    1.0
  ],
  "train_loss": [
    4.575524806976318,
    4.489591598510742,
    4.046792030334473,
    3.3148481845855713,
    2.337339162826538,
    1.3460103273391724,
    0.6296392679214478,
    0.28586307168006897,
    0.16648496687412262,
    0.12012485414743423,
    0.09742005169391632,
    0.08370744436979294,
    0.07416439801454544,
    0.06669274717569351,
    0.0603209063410759,
    0.05451934039592743,
    0.04909612610936165,
    0.044587474316358566,
    0.04090556129813194,
    0.03778466954827309,
    0.034973133355379105,
    0.03253227844834328,
    0.030310163274407387,
    0.028276946395635605,
    0.02645217441022396,
    0.024783002212643623,
    0.02323002927005291,
    0.021800260990858078,
    0.02044796384871006,
    0.01924102008342743,
    0.018114164471626282,
    0.01703668385744095,
    0.01602838560938835,
    0.01513606309890747,
    0.014346000738441944,
    0.013616912066936493,
    0.012947908602654934,
    0.012340008281171322,
    0.0117768170312047,
    0.011238005012273788,
    0.010751131922006607,
    0.010303543880581856,
    0.009878863580524921,
    0.009468353353440762,
    0.00910147838294506,
    0.008757305331528187,
    0.00843045487999916,
    0.0081270020455122,
    0.007841690443456173,
    0.007570470217615366,
    0.0073125604540109634,
    0.007062138523906469,
    0.006817929446697235,
    0.006585028022527695,
    0.006370937451720238,
    0.006165430881083012,
    0.005964259151369333,
    0.005772273521870375,
    0.005589883308857679,
    0.0054144831374287605,
    0.005246888380497694,
    0.0050863418728113174,
    0.0049338252283632755,
    0.004784149583429098,
    0.004640649538487196,
    0.004502177704125643,
    0.004372138064354658,
    0.004245272371917963,
    0.004120728000998497,
    0.004004692193120718,
    0.0038902016822248697,
    0.0037788141053169966,
    0.0036712836008518934,
    0.0035690562799572945,
    0.003471076488494873,
    0.0033757006749510765,
    0.003284153761342168,
    0.0031942164059728384,
    0.00310666230507195,
    0.0030230728443711996,
    0.0029411136638373137,
    0.0028611919842660427,
    0.0027844614814966917,
    0.0027105154003947973,
    0.0026385546661913395,
    0.0025703294668346643,
    0.00250472710467875,
    0.002440910553559661,
    0.0023776402231305838,
    0.002315019490197301,
    0.0022553247399628162,
    0.0021975808776915073,
    0.0021411150228232145,
    0.0020863504614681005,
    0.0020331870764493942,
    0.001981481211259961,
    0.0019315351964905858,
    0.0018829683540388942,
    0.0018356316722929478,
    0.001789255766198039
  ],