{
  "epoch": [
    0,
    50,
    100,
    150,
    200,
    250,
    300,
    350,
    400,
    450,
    500,
    550,
    600,
    650,
    700,
    750,
    800,
    850,
    900,
    950,
    1000,
    1050,
    1100,
    1150,
    1200,
    1250,
    1300,
    1350,
    1400,
    1450,
    1500,
    1550,
    1600,
    1650,
    1700,
    1750,
    1800,
    1850,
    1900,
    1950,
    2000,
    2050,
    2100,
    2150,
    2200,
    2250,
    2300,
    2350,
    2400,
    2450,
    2500,
    2550,
    2600,
    2650,
    2700,
    2750,
    2800,
    2850,
    2900,
    2950,
    3000,
    3050,
    3100,
    3150,
    3200,
    3250,
    3300,
    3350,
    3400,
    3450,
    3500,
    3550,
    3600,
    3650,
    3700,
    3750,
    3800,
    3850,
    3900,
    3950,
    4000,
    4050,
    4100,
    4150,
    4200,
    4250,
    4300,
    4350,
    4400,
    4450,
    4500,
    4550,
    4600,
    4650,
    4700,
    4750,
    4800,
    4850,
    4900,
    4950
  ],
  "train_acc": [
    0.010416666977107525,
    0.02508503384888172,
    0.0997023805975914,
    0.22640305757522583,
    0.4985119104385376,
    0.7999574542045593,
    0.9776785969734192,
    1.0,
    1.0,
    1.0,
    1.0,
    1.0,
    1.0,
    1.0,
    1.0,
    1.0,
    1.0,
    1.0,
    1.0,
    1.0,
    1.0,
    1.0,
    1.0,
    1.0,
    1.0,
    1.0,
    1.0,
    1.0,
    1.0,
    1.0,
    1.0,
    1.0,
    1.0,
    1.0,
    1.0,
    1.0,
    1.0,
    1.0,
    1.0,
    1.0,
    1.0,
    1.0,
    1.0,
    1.0,
    1.0,
    1.0,
    1.0,
    1.0,
    1.0,
    1.0,
    1.0,
    1.0,
    1.0,
    1.0,
    1.0,
    1.0,
    1.0,
    1.0,
    1.0,
    1.0,
    1.0,
    1.0,
    1.0,
    1.0,
    1.0,
    1.0,
    1.0,
    1.0,
    1.0,
    1.0,
    1.0,
    1.0,
    1.0,
    1.0,
    1.0,
    1.0,
    1.0,
    1.0,
    1.0,
    1.0,
    1.0,
    1.0,
    1.0,
    1.0,
    1.0,
    1.0,
    1.0,
    1.0,
    1.0,
    1.0,
    1.0,
    1.0,
    1.0,
    1.0,
    1.0,
    1.0,
    1.0,
    1.0,
    1.0,
    1.0
  ],
  "test_acc": [
    0.008926673792302608,
    0.01997874677181244,
    0.019766205921769142,
    0.019766205921769142,
    0.01997874677181244,
    0.020403826609253883,
    0.0229543037712574,
    0.025504782795906067,
    0.02911796048283577,
    0.03230605646967888,
    0.03676939383149147,
    0.03974495083093643,
    0.0459086075425148,
    0.051009565591812134,
    0.06036131829023361,
    0.07098831236362457,
    0.08607863634824753,
    0.09798087179660797,
    0.1151966005563736,
    0.1409139186143875,
    0.1651434600353241,
    0.19511158764362335,
    0.23145589232444763,
    0.26992562413215637,
    0.31392136216163635,
    0.3632306158542633,
    0.4204038381576538,
    0.4720510244369507,
    0.52199786901474,
    0.5759829878807068,
    0.633368730545044,
    0.6814027428627014,
    0.729861855506897,
    0.7725823521614075,
    0.815302848815918,
    0.8456960916519165,
    0.8752391338348389,
    0.9013814926147461,
    0.9241232872009277,
    0.9398512244224548,
    0.9523910880088806,
    0.9613177180290222,
    0.9730074405670166,
    0.9806588888168335,
    0.9855473041534424,
    0.9876726865768433,
    0.9910733103752136,
    0.9940488934516907,
    0.994473934173584,
    0.9959617257118225,
    0.9965993762016296,
    0.9978746175765991,
    0.9980871677398682,
    0.9989373087882996,
    0.9993624091148376,
    0.9995748996734619,
    0.9995748996734619,
    0.999787449836731,
    0.999787449836731,
    0.999787449836731,
    0.999787449836731,
    0.999787449836731,
    0.999787449836731,
    1.0,
    1.0,
    1.0,
    1.0,
    1.0,
    1.0,
    1.0,
    1.0,
    1.0,
    1.0,
    1.0,
    1.0,
    1.0,
    1.0,
    1.0,
    1.0,
    1.0,
    1.0,
    1.0,
    1.0,
    1.0,
    1.0,
    1.0,
    1.0,
    1.0,
    1.0,
    1.0,
    1.0,
    1.0,
    1.0,
    1.0,
    1.0,
    1.0,
    1.0,
    1.0,
    1.0,
    1.0
  ],
  "train_loss": [
    4.5758137702941895,
    4.457772731781006,
    4.01060152053833,
    3.2679436206817627,
    2.2737298011779785,
    1.267456293106079,
    0.5480803847312927,
    0.23743519186973572,
    0.138273686170578,
    0.10146396607160568,
    0.08340456336736679,
    0.07230480015277863,
    0.06456044316291809,
    0.05836641043424606,
    0.05317448452115059,
    0.04864814504981041,
    0.04461567848920822,
    0.0409603975713253,
    0.03765584155917168,
    0.03470279648900032,
    0.03204282000660896,
    0.029334940016269684,
    0.02681364119052887,
    0.024627910926938057,
    0.02283664233982563,
    0.02131998911499977,
    0.019998423755168915,
    0.018844887614250183,
    0.017713498324155807,
    0.016667582094669342,
    0.015734905377030373,
    0.014896757900714874,
    0.014124155044555664,
    0.01340977381914854,
    0.012750781141221523,
    0.012138918973505497,
    0.01157848909497261,
    0.01104447990655899,
    0.010553953237831593,
    0.01009957492351532,
    0.00968581810593605,
    0.009296376258134842,
    0.008926207199692726,
    0.008570516481995583,
    0.008240161463618279,
    0.007931279949843884,
    0.0076346383430063725,
    0.007352011743932962,
    0.007075947243720293,
    0.006821590941399336,
    0.006582523230463266,
    0.006350843235850334,
    0.006136840209364891,
    0.005929723847657442,
    0.005732778459787369,
    0.005543299950659275,
    0.005361702758818865,
    0.00518815265968442,
    0.005021779332309961,
    0.0048630861565470695,
    0.004720197059214115,
    0.00458118412643671,
    0.004449435509741306,
    0.004322427324950695,
    0.004200016614049673,
    0.0040818783454597,
    0.003967513330280781,
    0.003839494427666068,
    0.0035376418381929398,
    0.0033789745066314936,
    0.0033000176772475243,
    0.0032303433399647474,
    0.003159264102578163,
    0.003086541313678026,
    0.0030119402799755335,
    0.002935907570645213,
    0.002862367546185851,
    0.002789730904623866,
    0.0027184397913515568,
    0.002649295376613736,
    0.0025820641312748194,
    0.0025161777157336473,
    0.002451886422932148,
    0.0023887932766228914,
    0.002327706664800644,
    0.0022680272813886404,
    0.0022105914540588856,
    0.0021544964984059334,
    0.0020997703541070223,
    0.002046062145382166,
    0.0019942058715969324,
    0.0019435008289292455,
    0.0018942187307402492,
    0.0018456471152603626,
    0.00179878284689039,
    0.0017533886712044477,
    0.0017093316419050097,
    0.0016664441209286451,
    0.001624529017135501,
    0.0015837696846574545
  ],