{
  "epoch": [
    0,
    50,
    100,
    150,
    200,
    250,
    300,
    350,
    400,
    450,
    500,
    550,
    600,
    650,
    700,
    750,
    800,
    850,
    900,
    950,
    1000,
    1050,
    1100,
    1150,
    1200,
    1250,
    1300,
    1350,
    1400,
    1450,
    1500,
    1550,
    1600,
    1650,
    1700,
    1750,
    1800,
    1850,
    1900,
    1950,
    2000,
    2050,
    2100,
    2150,
    2200,
    2250,
    2300,
    2350,
    2400,
    2450,
    2500,
    2550,
    2600,
    2650,
    2700,
    2750,
    2800,
    2850,
    2900,
    2950,
    3000,
    3050,
    3100,
    3150,
    3200,
    3250,
    3300,
    3350,
    3400,
    3450,
    3500,
    3550,
    3600,
    3650,
    3700,
    3750,
    3800,
    3850,
    3900,
    3950,
    4000,
    4050,
    4100,
    4150,
    4200,
    4250,
    4300,
    4350,
    4400,
    4450,
    4500,
    4550,
    4600,
    4650,
    4700,
    4750,
    4800,
    4850,
    4900,
    4950
  ],
  "train_acc": [
    0.012117346748709679,
    0.03528911620378494,
    0.0877976194024086,
    0.2285289168357849,
    0.49447280168533325,
    0.7752976417541504,
    0.9717261791229248,
    1.0,
    1.0,
    1.0,
    1.0,
    1.0,
    1.0,
    1.0,
    1.0,
    1.0,
    1.0,
    1.0,
    1.0,
    1.0,
    1.0,
    1.0,
    1.0,
    1.0,
    1.0,
    1.0,
    1.0,
    1.0,
    1.0,
    1.0,
    1.0,
    1.0,
    1.0,
    1.0,
    1.0,
    1.0,
    1.0,
    1.0,
    1.0,
    1.0,
    1.0,
    1.0,
    1.0,
    1.0,
    1.0,
    1.0,
    1.0,
    1.0,
    1.0,
    1.0,
    1.0,
    1.0,
    1.0,
    1.0,
    1.0,
    1.0,
    1.0,
    1.0,
    1.0,
    1.0,
    1.0,
    1.0,
    1.0,
    1.0,
    1.0,
    1.0,
    1.0,
    1.0,
    1.0,
    1.0,
    1.0,
    1.0,
    1.0,
    1.0,
    1.0,
    1.0,
    1.0,
    1.0,
    1.0,
    1.0,
    1.0,
    1.0,
    1.0,
    1.0,
    1.0,
    1.0,
    1.0,
    1.0,
    1.0,
    1.0,
    1.0,
    1.0,
    1.0,
    1.0,
    1.0,
    1.0,
    1.0,
    1.0,
    1.0,
    1.0
  ],
  "test_acc": [
    0.006588735617697239,
    0.0008501593838445842,
    0.0004250796919222921,
    0.0,
    0.00021253984596114606,
    0.0006376195815391839,
    0.0012752391630783677,
    0.0025504783261567354,
    0.004250796977430582,
    0.00573857594281435,
    0.006801275070756674,
    0.00807651411741972,
    0.011052072048187256,
    0.016365569084882736,
    0.020191285759210587,
    0.02614240162074566,
    0.03273113816976547,
    0.039532411843538284,
    0.056323058903217316,
    0.07672688364982605,
    0.09734325110912323,
    0.11944739520549774,
    0.15132836997509003,
    0.18703506886959076,
    0.2263549417257309,
    0.2660999000072479,
    0.30945801734924316,
    0.36110520362854004,
    0.4127523899078369,
    0.46567481756210327,
    0.5202975273132324,
    0.5738576054573059,
    0.6199787259101868,
    0.6631243228912354,
    0.7060573697090149,
    0.7430393099784851,
    0.779383659362793,
    0.812752366065979,
    0.8374069929122925,
    0.862274169921875,
    0.8822529315948486,
    0.9013814926147461,
    0.9192348718643188,
    0.9319872260093689,
    0.9447396397590637,
    0.9549415707588196,
    0.9634431600570679,
    0.9702444076538086,
    0.9749202728271484,
    0.9804463386535645,
    0.9846971035003662,
    0.9876726865768433,
    0.9904357194900513,
    0.9931987524032593,
    0.9942614436149597,
    0.9955366849899292,
    0.9965993762016296,
    0.9965993762016296,
    0.997449517250061,
    0.9982996582984924,
    0.9985122084617615,
    0.9989373087882996,
    0.9989373087882996,
    0.9989373087882996,
    0.9991498589515686,
    0.9993624091148376,
    0.9993624091148376,
    0.9993624091148376,
    0.9995748996734619,
    0.999787449836731,
    1.0,
    1.0,
    1.0,
    1.0,
    1.0,
    1.0,
    1.0,
    1.0,
    1.0,
    1.0,
    1.0,
    1.0,
    1.0,
    1.0,
    1.0,
    1.0,
    1.0,
    1.0,
    1.0,
    1.0,
    1.0,
    1.0,
    1.0,
    1.0,
    1.0,
    1.0,
    1.0,
    1.0,
    1.0,
    1.0
  ],
  "train_loss": [
    4.575660228729248,
    4.486232280731201,
    4.037689208984375,
    3.289548635482788,
    2.3122920989990234,
    1.3469352722167969,
    0.6439462304115295,
    0.2985416352748871,
    0.17273083329200745,
    0.12322518229484558,
    0.09861093759536743,
    0.08355242758989334,
    0.07301583886146545,
    0.06486393511295319,
    0.058111052960157394,
    0.05234936997294426,
    0.04725918173789978,
    0.043011896312236786,
    0.039345260709524155,
    0.03618849813938141,
    0.03341178223490715,
    0.031036220490932465,
    0.028820699080824852,
    0.026793794706463814,
    0.02495608851313591,
    0.023347539827227592,
    0.021942904219031334,
    0.02067277394235134,
    0.019480381160974503,
    0.018374323844909668,
    0.017371632158756256,
    0.016437511891126633,
    0.015579385682940483,
    0.014779132790863514,
    0.014022321440279484,
    0.013336827047169209,
    0.012714848853647709,
    0.012138393707573414,
    0.011598500423133373,
    0.011087264865636826,
    0.010595054365694523,
    0.009814580902457237,
    0.009264884516596794,
    0.008887934498488903,
    0.00855281762778759,
    0.008236861787736416,
    0.007931740023195744,
    0.007641584612429142,
    0.0073602404445409775,
    0.007091467268764973,
    0.006833409890532494,
    0.006589781027287245,
    0.00635765353217721,
    0.006139261182397604,
    0.005936031229794025,
    0.005739655811339617,
    0.005557356867939234,
    0.005382131785154343,
    0.005002505611628294,
    0.004691410809755325,
    0.0045302025973796844,
    0.004406262189149857,
    0.004291744902729988,
    0.004175467882305384,
    0.004058650229126215,
    0.003945256117731333,
    0.003834106959402561,
    0.003728399984538555,
    0.0036259174812585115,
    0.003529047127813101,
    0.003435723716393113,
    0.0033462566789239645,
    0.0032597994431853294,
    0.003176848404109478,
    0.0030963514000177383,
    0.003019002266228199,
    0.0029437148477882147,
    0.002871020697057247,
    0.0028005880303680897,
    0.00273246131837368,
    0.0026652864180505276,
    0.002600286388769746,
    0.0025368197821080685,
    0.0024754812475293875,
    0.002414546674117446,
    0.0023563967552036047,
    0.002300160238519311,
    0.0022449796088039875,
    0.0021913915406912565,
    0.002139129675924778,
    0.0020885630510747433,
    0.002039066981524229,
    0.0019906109664589167,
    0.0019433675333857536,
    0.001897569396533072,
    0.0018527761567384005,
    0.0018089713994413614,
    0.0017661774763837457,
    0.0017246563220396638,
    0.001684065442532301
  ],