{
  "epoch": [
    0,
    50,
    100,
    150,
    200,
    250,
    300,
    350,
    400,
    450,
    500,
    550,
    600,
    650,
    700,
    750,
    800,
    850,
    900,
    950,
    1000,
    1050,
    1100,
    1150,
    1200,
    1250,
    1300,
    1350,
    1400,
    1450,
    1500,
    1550,
    1600,
    1650,
    1700,
    1750,
    1800,
    1850,
    1900,
    1950,
    2000,
    2050,
    2100,
    2150,
    2200,
    2250,
    2300,
    2350,
    2400,
    2450,
    2500,
    2550,
    2600,
    2650,
    2700,
    2750,
    2800,
    2850,
    2900,
    2950,
    3000,
    3050,
    3100,
    3150,
    3200,
    3250,
    3300,
    3350,
    3400,
    3450,
    3500,
    3550,
    3600,
    3650,
    3700,
    3750,
    3800,
    3850,
    3900,
    3950,
    4000,
    4050,
    4100,
    4150,
    4200,
    4250,
    4300,
    4350,
    4400,
    4450,
    4500,
    4550,
    4600,
    4650,
    4700,
    4750,
    4800,
    4850,
    4900,
    4950
  ],
  "train_acc": [
    0.00956632662564516,
    0.0357142873108387,
    0.09098639339208603,
    0.25914114713668823,
    0.5482568144798279,
    0.8590561151504517,
    0.9968112111091614,
    1.0,
    1.0,
    1.0,
    1.0,
    1.0,
    1.0,
    1.0,
    1.0,
    1.0,
    1.0,
    1.0,
    1.0,
    1.0,
    1.0,
    1.0,
    1.0,
    1.0,
    1.0,
    1.0,
    1.0,
    1.0,
    1.0,
    1.0,
    1.0,
    1.0,
    1.0,
    1.0,
    1.0,
    1.0,
    1.0,
    1.0,
    1.0,
    1.0,
    1.0,
    1.0,
    1.0,
    1.0,
    1.0,
    1.0,
    1.0,
    1.0,
    1.0,
    1.0,
    1.0,
    1.0,
    1.0,
    1.0,
    1.0,
    1.0,
    1.0,
    1.0,
    1.0,
    1.0,
    1.0,
    1.0,
    1.0,
    1.0,
    1.0,
    1.0,
    1.0,
    1.0,
    1.0,
    1.0,
    1.0,
    1.0,
    1.0,
    1.0,
    1.0,
    1.0,
    1.0,
    1.0,
    1.0,
    1.0,
    1.0,
    1.0,
    1.0,
    1.0,
    1.0,
    1.0,
    1.0,
    1.0,
    1.0,
    1.0,
    1.0,
    1.0,
    1.0,
    1.0,
    1.0,
    1.0,
    1.0,
    1.0,
    1.0,
    1.0
  ],
  "test_acc": [
    0.011052072048187256,
    0.0012752391630783677,
    0.00021253984596114606,
    0.00021253984596114606,
    0.00021253984596114606,
    0.0006376195815391839,
    0.001487778965383768,
    0.0023379384074360132,
    0.002975557930767536,
    0.003613177454099059,
    0.0046758768148720264,
    0.0061636557802557945,
    0.007651434745639563,
    0.008289054036140442,
    0.009351753629744053,
    0.010626992210745811,
    0.010839532129466534,
    0.0114771518856287,
    0.014665249735116959,
    0.017428267747163773,
    0.02061636559665203,
    0.02592986263334751,
    0.029330499470233917,
    0.03379383683204651,
    0.04038257151842117,
    0.047821465879678726,
    0.05292242392897606,
    0.059298619627952576,
    0.06695005297660828,
    0.07587672770023346,
    0.08565355837345123,
    0.09670563042163849,
    0.11009564250707626,
    0.12518596649169922,
    0.1381509006023407,
    0.15409138798713684,
    0.16599363088607788,
    0.18554729223251343,
    0.20573857426643372,
    0.2231668382883072,
    0.24612115323543549,
    0.27035069465637207,
    0.2930924594402313,
    0.3209351897239685,
    0.34941551089286804,
    0.37555792927742004,
    0.4055260419845581,
    0.43188098073005676,
    0.466312438249588,
    0.49032944440841675,
    0.5175345540046692,
    0.5438894629478455,
    0.5685440897941589,
    0.5953240990638733,
    0.6218916177749634,
    0.6459085941314697,
    0.6743889451026917,
    0.6964930891990662,
    0.7192348837852478,
    0.7387885451316833,
    0.7583422064781189,
    0.7764080762863159,
    0.7929862141609192,
    0.8089267015457153,
    0.8263549208641052,
    0.838894784450531,
    0.8544102311134338,
    0.8692879676818848,
    0.8809776902198792,
    0.8920297622680664,
    0.8992561101913452,
    0.9081827998161316,
    0.9158342480659485,
    0.9200850129127502,
    0.9260361194610596,
    0.9304994940757751,
    0.9347502589225769,
    0.9392135739326477,
    0.9443145394325256,
    0.9483528137207031,
    0.9523910880088806,
    0.95600426197052,
    0.958554744720459,
    0.9623804688453674,
    0.9666312336921692,
    0.9689691662788391,
    0.9715196490287781,
    0.9734325408935547,
    0.9747077822685242,
    0.976833164691925,
    0.9772582650184631,
    0.9789585471153259,
    0.9817215800285339,
    0.9829968214035034,
    0.9849096536636353,
    0.9859723448753357,
    0.9863974452018738,
    0.9885228276252747,
    0.9891604781150818,
    0.9906482696533203
  ],
  "train_loss": [
    4.5755438804626465,
    4.483332633972168,
    3.9936723709106445,
    3.145806074142456,
    2.057678461074829,
    1.0450595617294312,
    0.40738123655319214,
    0.17101198434829712,
    0.0974237248301506,
    0.06778492033481598,
    0.052696265280246735,
    0.043687935918569565,
    0.03761772811412811,
    0.0332367941737175,
    0.0298882108181715,
    0.02719748020172119,
    0.02496936358511448,
    0.023073656484484673,
    0.02143048495054245,
    0.01998445764183998,
    0.0186878964304924,
    0.017511185258626938,
    0.016404345631599426,
    0.015388768166303635,
    0.014467425644397736,
    0.013630258850753307,
    0.012852597050368786,
    0.012103686109185219,
    0.011409202590584755,
    0.010770140215754509,
    0.01018192432820797,
    0.009646979160606861,
    0.009147632867097855,
    0.0086898785084486,
    0.008250635117292404,
    0.00784082431346178,
    0.007450278848409653,
    0.007081759162247181,
    0.006731036119163036,
    0.006406597327440977,
    0.006106087472289801,
    0.0058266641572117805,
    0.005562262609601021,
    0.005315001588314772,
    0.005085510667413473,
    0.004866631701588631,
    0.004663199186325073,
    0.004468639846891165,
    0.004284698516130447,
    0.004114055074751377,
    0.003954871091991663,
    0.0037984366063028574,
    0.0036495092790573835,
    0.0035082970280200243,
    0.0033723933156579733,
    0.003245188621804118,
    0.0031264079734683037,
    0.0030140848830342293,
    0.0029057867359369993,
    0.0028043577913194895,
    0.0027070427313447,
    0.0026141987182199955,
    0.0025257456582039595,
    0.0024425340816378593,
    0.0023626619949936867,
    0.0022851990070194006,
    0.002209992380812764,
    0.002138662850484252,
    0.0020698304288089275,
    0.0020033291075378656,
    0.0019397551659494638,
    0.001878999755717814,
    0.00182028126437217,
    0.0017636992270126939,
    0.0017091850750148296,
    0.0016560740768909454,
    0.0016051012789830565,
    0.0015560286119580269,
    0.0015083394246175885,
    0.0014619504800066352,
    0.0014172937953844666,
    0.0013740246649831533,
    0.0013324033934623003,
    0.00129222241230309,
    0.0012523673940449953,
    0.0012138773454353213,
    0.0011766720563173294,
    0.0011399186914786696,
    0.0011042483383789659,
    0.0010700983693823218,
    0.0010374976554885507,
    0.0010056218598037958,
    0.0009747411240823567,
    0.00094496930250898,
    0.000916516873985529,
    0.000889129179995507,
    0.0008622758905403316,
    0.0008364804089069366,
    0.0008116255630739033,
    0.0007876123418100178
  ],