{
  "epoch": [
    0,
    50,
    100,
    150,
    200,
    250,
    300,
    350,
    400,
    450,
    500,
    550,
    600,
    650,
    700,
    750,
    800,
    850,
    900,
    950,
    1000,
    1050,
    1100,
    1150,
    1200,
    1250,
    1300,
    1350,
    1400,
    1450,
    1500,
    1550,
    1600,
    1650,
    1700,
    1750,
    1800,
    1850,
    1900,
    1950,
    2000,
    2050,
    2100,
    2150,
    2200,
    2250,
    2300,
    2350,
    2400,
    2450,
    2500,
    2550,
    2600,
    2650,
    2700,
    2750,
    2800,
    2850,
    2900,
    2950,
    3000,
    3050,
    3100,
    3150,
    3200,
    3250,
    3300,
    3350,
    3400,
    3450,
    3500,
    3550,
    3600,
    3650,
    3700,
    3750,
    3800,
    3850,
    3900,
    3950,
    4000,
    4050,
    4100,
    4150,
    4200,
    4250,
    4300,
    4350,
    4400,
    4450,
    4500,
    4550,
    4600,
    4650,
    4700,
    4750,
    4800,
    4850,
    4900,
    4950
  ],
  "train_acc": [
    0.010416666977107525,
    0.03762755170464516,
    0.09396258741617203,
    0.2695578336715698,
    0.5911989808082581,
    0.9068877696990967,
    0.9987244606018066,
    1.0,
    1.0,
    1.0,
    1.0,
    1.0,
    1.0,
    1.0,
    1.0,
    1.0,
    1.0,
    1.0,
    1.0,
    1.0,
    1.0,
    1.0,
    1.0,
    1.0,
    1.0,
    1.0,
    1.0,
    1.0,
    1.0,
    1.0,
    1.0,
    1.0,
    1.0,
    1.0,
    1.0,
    1.0,
    1.0,
    1.0,
    1.0,
    1.0,
    1.0,
    1.0,
    1.0,
    1.0,
    1.0,
    1.0,
    1.0,
    1.0,
    1.0,
    1.0,
    1.0,
    1.0,
    1.0,
    1.0,
    1.0,
    1.0,
    1.0,
    1.0,
    1.0,
    1.0,
    1.0,
    1.0,
    1.0,
    1.0,
    1.0,
    1.0,
    1.0,
    1.0,
    1.0,
    1.0,
    1.0,
    1.0,
    1.0,
    1.0,
    1.0,
    1.0,
    1.0,
    1.0,
    1.0,
    1.0,
    1.0,
    1.0,
    1.0,
    1.0,
    1.0,
    1.0,
    1.0,
    1.0,
    1.0,
    1.0,
    1.0,
    1.0,
    1.0,
    1.0,
    1.0,
    1.0,
    1.0,
    1.0,
    1.0,
    1.0
  ],
  "test_acc": [
    0.008714133873581886,
    0.0019128586864098907,
    0.00021253984596114606,
    0.0004250796919222921,
    0.0004250796919222921,
    0.0006376195815391839,
    0.001487778965383768,
    0.0017003187676891685,
    0.002125398488715291,
    0.002763018012046814,
    0.003613177454099059,
    0.003613177454099059,
    0.003613177454099059,
    0.004463336896151304,
    0.004250796977430582,
    0.004250796977430582,
    0.00403825705870986,
    0.004250796977430582,
    0.004250796977430582,
    0.004250796977430582,
    0.0046758768148720264,
    0.004888416733592749,
    0.004888416733592749,
    0.005100956652313471,
    0.005313496105372906,
    0.005313496105372906,
    0.00573857594281435,
    0.00573857594281435,
    0.0061636557802557945,
    0.0061636557802557945,
    0.0061636557802557945,
    0.0061636557802557945,
    0.0061636557802557945,
    0.006376195698976517,
    0.006588735617697239,
    0.007013814989477396,
    0.006801275070756674,
    0.006801275070756674,
    0.006801275070756674,
    0.006801275070756674,
    0.006801275070756674,
    0.007013814989477396,
    0.007013814989477396,
    0.007226354908198118,
    0.007226354908198118,
    0.007226354908198118,
    0.007226354908198118,
    0.007226354908198118,
    0.007226354908198118,
    0.007226354908198118,
    0.007226354908198118,
    0.007226354908198118,
    0.007226354908198118,
    0.007226354908198118,
    0.007226354908198118,
    0.007651434745639563,
    0.007651434745639563,
    0.007863974198698997,
    0.007863974198698997,
    0.007863974198698997,
    0.007863974198698997,
    0.007863974198698997,
    0.007863974198698997,
    0.007863974198698997,
    0.007863974198698997,
    0.007863974198698997,
    0.007863974198698997,
    0.007863974198698997,
    0.007863974198698997,
    0.00807651411741972,
    0.00807651411741972,
    0.00807651411741972,
    0.00807651411741972,
    0.008289054036140442,
    0.008289054036140442,
    0.008289054036140442,
    0.008289054036140442,
    0.00807651411741972,
    0.00807651411741972,
    0.00807651411741972,
    0.00807651411741972,
    0.00807651411741972,
    0.00807651411741972,
    0.008289054036140442,
    0.008501593954861164,
    0.008501593954861164,
    0.008501593954861164,
    0.008501593954861164,
    0.008501593954861164,
    0.008501593954861164,
    0.008714133873581886,
    0.008714133873581886,
    0.008714133873581886,
    0.008714133873581886,
    0.008501593954861164,
    0.008501593954861164,
    0.008501593954861164,
    0.008501593954861164,
    0.008501593954861164,
    0.008501593954861164
  ],
  "train_loss": [
    4.5766496658325195,
    4.471467018127441,
    3.956188440322876,
    3.0868453979492188,
    1.922967553138733,
    0.858396589756012,
    0.2810388505458832,
    0.10875280201435089,
    0.05717727914452553,
    0.035925477743148804,
    0.024983638897538185,
    0.018502330407500267,
    0.014316373504698277,
    0.011440981179475784,
    0.009374384768307209,
    0.007830986753106117,
    0.006647276226431131,
    0.005716579034924507,
    0.004969035740941763,
    0.0043597170151770115,
    0.003856390481814742,
    0.0034348659683018923,
    0.0030785417184233665,
    0.002773980377241969,
    0.0025118289049714804,
    0.00228429795242846,
    0.002085217274725437,
    0.0019100691424682736,
    0.0017553756479173899,
    0.001618178910575807,
    0.0014959146501496434,
    0.00138636096380651,
    0.0012876681284978986,
    0.0011986671015620232,
    0.0011181194568052888,
    0.0010449589462950826,
    0.0009783148998394608,
    0.0009174363221973181,
    0.0008615892147645354,
    0.0008102970314212143,
    0.0007630514446645975,
    0.0007194877834990621,
    0.0006792129133827984,
    0.0006418917328119278,
    0.0006073080585338175,
    0.0005751521675847471,
    0.0005451958277262747,
    0.0005172642995603383,
    0.0004911812138743699,
    0.00046677846694365144,
    0.00044394118594937027,
    0.0004225227748975158,
    0.00040241601527668536,
    0.00038348071393556893,
    0.0003656759799923748,
    0.0003489233204163611,
    0.0003331430780235678,
    0.00031826889608055353,
    0.00030422216514125466,
    0.00029095279751345515,
    0.00027840049006044865,
    0.00026651599910110235,
    0.00025525037199258804,
    0.00024456874234601855,
    0.00023444450926035643,
    0.00022483165957964957,
    0.00021570005628746003,
    0.00020702736219391227,
    0.00019878226157743484,
    0.0001909293350763619,
    0.0001834410213632509,
    0.00017630755610298365,
    0.00016950737335719168,
    0.0001630214392207563,
    0.00015683920355513692,
    0.00015093099500518292,
    0.00014529160398524255,
    0.0001398971362505108,
    0.00013474446313921362,
    0.00012981773761566728,
    0.00012509443331509829,
    0.00012057629646733403,
    0.00011624769831541926,
    0.00011209768854314461,
    0.00010811490938067436,
    0.00010429675603518263,
    0.00010063390072900802,
    9.711824532132596e-05,
    9.374026558361948e-05,
    9.050111111719161e-05,
    8.738722681300715e-05,
    8.439746306976303e-05,
    8.15273160696961e-05,
    7.876770541770384e-05,
    7.611228647874668e-05,
    7.355721754720435e-05,
    7.109683792805299e-05,
    6.872887024655938e-05,
    6.644993118243292e-05,
    6.425108585972339e-05
  ],