{
  "epoch": [
    0,
    50,
    100,
    150,
    200,
    250,
    300,
    350,
    400,
    450,
    500,
    550,
    600,
    650,
    700,
    750,
    800,
    850,
    900,
    950,
    1000,
    1050,
    1100,
    1150,
    1200,
    1250,
    1300,
    1350,
    1400,
    1450,
    1500,
    1550,
    1600,
    1650,
    1700,
    1750,
    1800,
    1850,
    1900,
    1950,
    2000,
    2050,
    2100,
    2150,
    2200,
    2250,
    2300,
    2350,
    2400,
    2450,
    2500,
    2550,
    2600,
    2650,
    2700,
    2750,
    2800,
    2850,
    2900,
    2950,
    3000,
    3050,
    3100,
    3150,
    3200,
    3250,
    3300,
    3350,
    3400,
    3450,
    3500,
    3550,
    3600,
    3650,
    3700,
    3750,
    3800,
    3850,
    3900,
    3950,
    4000,
    4050,
    4100,
    4150,
    4200,
    4250,
    4300,
    4350,
    4400,
    4450,
    4500,
    4550,
    4600,
    4650,
    4700,
    4750,
    4800,
    4850,
    4900,
    4950
  ],
  "train_acc": [
    0.009353741072118282,
    0.03847789019346237,
    0.08269558101892471,
    0.2327806055545807,
    0.5227466225624084,
    0.8386479616165161,
    0.9914966225624084,
    1.0,
    1.0,
    1.0,
    1.0,
    1.0,
    1.0,
    1.0,
    1.0,
    1.0,
    1.0,
    1.0,
    1.0,
    1.0,
    1.0,
    1.0,
    1.0,
    1.0,
    1.0,
    1.0,
    1.0,
    1.0,
    1.0,
    1.0,
    1.0,
    1.0,
    1.0,
    1.0,
    1.0,
    1.0,
    1.0,
    1.0,
    1.0,
    1.0,
    1.0,
    1.0,
    1.0,
    1.0,
    1.0,
    1.0,
    1.0,
    1.0,
    1.0,
    1.0,
    1.0,
    1.0,
    1.0,
    1.0,
    1.0,
    1.0,
    1.0,
    1.0,
    1.0,
    1.0,
    1.0,
    1.0,
    1.0,
    1.0,
    1.0,
    1.0,
    1.0,
    1.0,
    1.0,
    1.0,
    1.0,
    1.0,
    1.0,
    1.0,
    1.0,
    1.0,
    1.0,
    1.0,
    1.0,
    1.0,
    1.0,
    1.0,
    1.0,
    1.0,
    1.0,
    1.0,
    1.0,
    1.0,
    1.0,
    1.0,
    1.0,
    1.0,
    1.0,
    1.0,
    1.0,
    1.0,
    1.0,
    1.0,
    1.0,
    1.0
  ],
  "test_acc": [
    0.0114771518856287,
    0.0012752391630783677,
    0.00021253984596114606,
    0.0,
    0.0004250796919222921,
    0.0006376195815391839,
    0.0006376195815391839,
    0.0006376195815391839,
    0.0008501593838445842,
    0.0008501593838445842,
    0.0012752391630783677,
    0.0010626992443576455,
    0.0010626992443576455,
    0.0010626992443576455,
    0.0010626992443576455,
    0.0010626992443576455,
    0.0010626992443576455,
    0.0010626992443576455,
    0.0010626992443576455,
    0.0010626992443576455,
    0.0010626992443576455,
    0.0010626992443576455,
    0.0010626992443576455,
    0.0010626992443576455,
    0.0010626992443576455,
    0.0012752391630783677,
    0.0012752391630783677,
    0.0012752391630783677,
    0.0012752391630783677,
    0.0012752391630783677,
    0.0012752391630783677,
    0.0010626992443576455,
    0.0010626992443576455,
    0.0010626992443576455,
    0.0010626992443576455,
    0.0010626992443576455,
    0.0010626992443576455,
    0.0012752391630783677,
    0.0012752391630783677,
    0.0012752391630783677,
    0.0010626992443576455,
    0.0010626992443576455,
    0.0010626992443576455,
    0.0010626992443576455,
    0.0012752391630783677,
    0.0012752391630783677,
    0.0012752391630783677,
    0.0012752391630783677,
    0.001487778965383768,
    0.001487778965383768,
    0.0017003187676891685,
    0.0017003187676891685,
    0.0017003187676891685,
    0.0017003187676891685,
    0.0017003187676891685,
    0.0017003187676891685,
    0.0017003187676891685,
    0.0017003187676891685,
    0.0017003187676891685,
    0.002125398488715291,
    0.002125398488715291,
    0.002125398488715291,
    0.002125398488715291,
    0.002125398488715291,
    0.0023379384074360132,
    0.002763018012046814,
    0.003400637535378337,
    0.003400637535378337,
    0.0031880978494882584,
    0.003400637535378337,
    0.003613177454099059,
    0.003400637535378337,
    0.0038257173728197813,
    0.00403825705870986,
    0.0038257173728197813,
    0.00403825705870986,
    0.004463336896151304,
    0.004463336896151304,
    0.004463336896151304,
    0.004463336896151304,
    0.004463336896151304,
    0.004463336896151304,
    0.004463336896151304,
    0.004463336896151304,
    0.004463336896151304,
    0.0046758768148720264,
    0.0046758768148720264,
    0.0046758768148720264,
    0.0046758768148720264,
    0.0046758768148720264,
    0.0046758768148720264,
    0.004888416733592749,
    0.005100956652313471,
    0.005526036024093628,
    0.00573857594281435,
    0.00573857594281435,
    0.006376195698976517,
    0.006588735617697239,
    0.006801275070756674,
    0.007013814989477396
  ],
  "train_loss": [
    4.576587677001953,
    4.4811859130859375,
    4.007820129394531,
    3.225785970687866,
    2.172729969024658,
    1.1310207843780518,
    0.4495532512664795,
    0.17597877979278564,
    0.08954858779907227,
    0.055853985249996185,
    0.039184607565402985,
    0.029486939311027527,
    0.02320435270667076,
    0.018935419619083405,
    0.01587410271167755,
    0.013521812856197357,
    0.01173484604805708,
    0.010353694669902325,
    0.009259955026209354,
    0.008371572010219097,
    0.0076350499875843525,
    0.007013070397078991,
    0.006479818373918533,
    0.006018561776727438,
    0.00561436265707016,
    0.005258944351226091,
    0.004943158011883497,
    0.004660626407712698,
    0.004406527616083622,
    0.004175750073045492,
    0.003966257907450199,
    0.0037753151264041662,
    0.003599209478124976,
    0.0034365549217909575,
    0.003285573562607169,
    0.0031448674853891134,
    0.003013837384060025,
    0.0028911440167576075,
    0.002776014618575573,
    0.0026666137855499983,
    0.002562340348958969,
    0.0024636927992105484,
    0.002370349830016494,
    0.0022824362386018038,
    0.002199169946834445,
    0.0021204978693276644,
    0.0020457818172872066,
    0.0019750227220356464,
    0.0019073707517236471,
    0.0018427814356982708,
    0.0017811477882787585,
    0.0017217927379533648,
    0.0016648495802655816,
    0.0016100321663543582,
    0.0015572477132081985,
    0.0015067387139424682,
    0.0014584666350856423,
    0.0014121078420430422,
    0.0013675196096301079,
    0.0013245731825008988,
    0.001283051329664886,
    0.0012429900234565139,
    0.0012046617921441793,
    0.0011674856068566442,
    0.0011317365569993854,
    0.0010972177842631936,
    0.0010638239327818155,
    0.0010314424289390445,
    0.0010002502240240574,
    0.0009699981892481446,
    0.0009405790478922427,
    0.0009121955372393131,
    0.0008849136647768319,
    0.0008583342423662543,
    0.0008326377719640732,
    0.0008078316459432244,
    0.0007838193560019135,
    0.0007603653939440846,
    0.0007377190631814301,
    0.0007156459032557905,
    0.0006942410836927593,
    0.0006735138595104218,
    0.0006533932755701244,
    0.0006337775848805904,
    0.0006148538668639958,
    0.0005965664167888463,
    0.000578894279897213,
    0.0005617174901999533,
    0.0005451873294077814,
    0.0005291932611726224,
    0.0005136017571203411,
    0.0004983333055861294,
    0.00048337102634832263,
    0.0004689083725679666,
    0.0004549468867480755,
    0.0004413999558892101,
    0.00042830954771488905,
    0.00041501017403788865,
    0.00039968028431758285,
    0.0003849778149742633
  ],