{
  "epoch": [
    0,
    50,
    100,
    150,
    200,
    250,
    300,
    350,
    400,
    450,
    500,
    550,
    600,
    650,
    700,
    750,
    800,
    850,
    900,
    950,
    1000,
    1050,
    1100,
    1150,
    1200,
    1250,
    1300,
    1350,
    1400,
    1450,
    1500,
    1550,
    1600,
    1650,
    1700,
    1750,
    1800,
    1850,
    1900,
    1950,
    2000,
    2050,
    2100,
    2150,
    2200,
    2250,
    2300,
    2350,
    2400,
    2450,
    2500,
    2550,
    2600,
    2650,
    2700,
    2750,
    2800,
    2850,
    2900,
    2950,
    3000,
    3050,
    3100,
    3150,
    3200,
    3250,
    3300,
    3350,
    3400,
    3450,
    3500,
    3550,
    3600,
    3650,
    3700,
    3750,
    3800,
    3850,
    3900,
    3950,
    4000,
    4050,
    4100,
    4150,
    4200,
    4250,
    4300,
    4350,
    4400,
    4450,
    4500,
    4550,
    4600,
    4650,
    4700,
    4750,
    4800,
    4850,
    4900,
    4950
  ],
  "train_acc": [
    0.009353741072118282,
    0.030187074095010757,
    0.07759353518486023,
    0.2255527228116989,
    0.48384353518486023,
    0.7644557952880859,
    0.9617347121238708,
    0.9995748400688171,
    1.0,
    1.0,
    1.0,
    1.0,
    1.0,
    1.0,
    1.0,
    1.0,
    1.0,
    1.0,
    1.0,
    1.0,
    1.0,
    1.0,
    1.0,
    1.0,
    1.0,
    1.0,
    1.0,
    1.0,
    1.0,
    1.0,
    1.0,
    1.0,
    1.0,
    1.0,
    1.0,
    1.0,
    1.0,
    1.0,
    1.0,
    1.0,
    1.0,
    1.0,
    1.0,
    1.0,
    1.0,
    1.0,
    1.0,
    1.0,
    1.0,
    1.0,
    1.0,
    1.0,
    1.0,
    1.0,
    1.0,
    1.0,
    1.0,
    1.0,
    1.0,
    1.0,
    1.0,
    1.0,
    1.0,
    1.0,
    1.0,
    1.0,
    1.0,
    1.0,
    1.0,
    1.0,
    1.0,
    1.0,
    1.0,
    1.0,
    1.0,
    1.0,
    1.0,
    1.0,
    1.0,
    1.0,
    1.0,
    1.0,
    1.0,
    1.0,
    1.0,
    1.0,
    1.0,
    1.0,
    1.0,
    1.0,
    1.0,
    1.0,
    1.0,
    1.0,
    1.0,
    1.0,
    1.0,
    1.0,
    1.0,
    1.0
  ],
  "test_acc": [
    0.01041445229202509,
    0.0008501593838445842,
    0.0,
    0.0,
    0.00021253984596114606,
    0.00021253984596114606,
    0.0006376195815391839,
    0.0010626992443576455,
    0.0017003187676891685,
    0.002125398488715291,
    0.003400637535378337,
    0.005100956652313471,
    0.007013814989477396,
    0.008714133873581886,
    0.011689691804349422,
    0.014027629978954792,
    0.017428267747163773,
    0.022529223933815956,
    0.02763018012046814,
    0.03379383683204651,
    0.04272051155567169,
    0.055472902953624725,
    0.0733262449502945,
    0.09287991374731064,
    0.11307120323181152,
    0.1345377266407013,
    0.15940488874912262,
    0.18703506886959076,
    0.21594049036502838,
    0.249309241771698,
    0.28735387325286865,
    0.32476088404655457,
    0.3689691722393036,
    0.4068012833595276,
    0.44930925965309143,
    0.4996812045574188,
    0.5460149049758911,
    0.5857598185539246,
    0.6229543089866638,
    0.6590861082077026,
    0.6901168823242188,
    0.7222104072570801,
    0.7581296563148499,
    0.7900106310844421,
    0.8136025667190552,
    0.8348565101623535,
    0.8565356135368347,
    0.8765143752098083,
    0.8924548625946045,
    0.9086078405380249,
    0.9217853546142578,
    0.935387909412384,
    0.9468650221824646,
    0.9553666114807129,
    0.9602550268173218,
    0.9657810926437378,
    0.9696068167686462,
    0.9734325408935547,
    0.9789585471153259,
    0.9804463386535645,
    0.9849096536636353,
    0.9872475862503052,
    0.9885228276252747,
    0.9908607602119446,
    0.9925611019134521,
    0.9936237931251526,
    0.9940488934516907,
    0.9953241348266602,
    0.9959617257118225,
    0.997024416923523,
    0.9976620674133301,
    0.9978746175765991,
    0.9982996582984924,
    0.9982996582984924,
    0.9982996582984924,
    0.9982996582984924,
    0.9987247586250305,
    0.9989373087882996,
    0.9989373087882996,
    0.9993624091148376,
    0.9995748996734619,
    0.9995748996734619,
    0.9995748996734619,
    0.9995748996734619,
    0.9995748996734619,
    0.9995748996734619,
    0.9995748996734619,
    0.9995748996734619,
    0.9995748996734619,
    0.9995748996734619,
    0.9995748996734619,
    0.9995748996734619,
    0.9995748996734619,
    0.9995748996734619,
    0.9995748996734619,
    0.9995748996734619,
    0.9995748996734619,
    0.9995748996734619,
    0.9995748996734619,
    0.9995748996734619
  ],
  "train_loss": [
    4.57560396194458,
    4.488256931304932,
    4.039487838745117,
    3.292041540145874,
    2.3244056701660156,
    1.3747483491897583,
    0.6823360323905945,
    0.3242439329624176,
    0.1871558278799057,
    0.13188211619853973,
    0.10466676950454712,
    0.08872923254966736,
    0.07809052616357803,
    0.07007899135351181,
    0.06356001645326614,
    0.05805365368723869,
    0.053089141845703125,
    0.048808738589286804,
    0.04510287567973137,
    0.04175834730267525,
    0.03865345939993858,
    0.03585517778992653,
    0.03332268446683884,
    0.03111649490892887,
    0.029154935851693153,
    0.027315538376569748,
    0.02565961331129074,
    0.024084486067295074,
    0.02266698144376278,
    0.021358082070946693,
    0.0201654601842165,
    0.019004598259925842,
    0.01797601208090782,
    0.017030203714966774,
    0.016195274889469147,
    0.015418929979205132,
    0.014719062484800816,
    0.014062769711017609,
    0.013442261144518852,
    0.01286117359995842,
    0.012324361130595207,
    0.011816841550171375,
    0.011333875358104706,
    0.010874537751078606,
    0.010442141443490982,
    0.010024048388004303,
    0.009631862863898277,
    0.009260503575205803,
    0.008895727805793285,
    0.008543943054974079,
    0.008213142864406109,
    0.007913535460829735,
    0.00763337966054678,
    0.0073714954778552055,
    0.007120314985513687,
    0.006880014203488827,
    0.006653523538261652,
    0.006434560287743807,
    0.006226241122931242,
    0.006024249363690615,
    0.005827612243592739,
    0.005641762632876635,
    0.005466709844768047,
    0.005296492017805576,
    0.005132410209625959,
    0.0049755992367863655,
    0.004826865158975124,
    0.004681290592998266,
    0.00454298872500658,
    0.004410138353705406,
    0.0042786928825080395,
    0.004153675865381956,
    0.004033371806144714,
    0.003915059380233288,
    0.0038010100834071636,
    0.003692887257784605,
    0.0035861385986208916,
    0.0034836563281714916,
    0.003383858362212777,
    0.003287176601588726,
    0.0031951016280800104,
    0.003105259733274579,
    0.0030174641869962215,
    0.002932195784524083,
    0.002850758610293269,
    0.002770643448457122,
    0.0026947332080453634,
    0.0026222749147564173,
    0.002550307661294937,
    0.002480303170159459,
    0.002413637936115265,
    0.002348950132727623,
    0.0022862099576741457,
    0.0022248660679906607,
    0.0021662747021764517,
    0.0021100020967423916,
    0.0020547083113342524,
    0.0020008725114166737,
    0.0019484973745420575,
    0.0018979195738211274
  ],