{
  "epoch": [
    0,
    50,
    100,
    150,
    200,
    250,
    300,
    350,
    400,
    450,
    500,
    550,
    600,
    650,
    700,
    750,
    800,
    850,
    900,
    950,
    1000,
    1050,
    1100,
    1150,
    1200,
    1250,
    1300,
    1350,
    1400,
    1450,
    1500,
    1550,
    1600,
    1650,
    1700,
    1750,
    1800,
    1850,
    1900,
    1950,
    2000,
    2050,
    2100,
    2150,
    2200,
    2250,
    2300,
    2350,
    2400,
    2450,
    2500,
    2550,
    2600,
    2650,
    2700,
    2750,
    2800,
    2850,
    2900,
    2950,
    3000,
    3050,
    3100,
    3150,
    3200,
    3250,
    3300,
    3350,
    3400,
    3450,
    3500,
    3550,
    3600,
    3650,
    3700,
    3750,
    3800,
    3850,
    3900,
    3950,
    4000,
    4050,
    4100,
    4150,
    4200,
    4250,
    4300,
    4350,
    4400,
    4450,
    4500,
    4550,
    4600,
    4650,
    4700,
    4750,
    4800,
    4850,
    4900,
    4950
  ],
  "train_acc": [
    0.009353741072118282,
    0.033375851809978485,
    0.08248299360275269,
    0.19451530277729034,
    0.42134353518486023,
    0.6796343326568604,
    0.901573121547699,
    0.9923469424247742,
    1.0,
    1.0,
    1.0,
    1.0,
    1.0,
    1.0,
    1.0,
    1.0,
    1.0,
    1.0,
    1.0,
    1.0,
    1.0,
    1.0,
    1.0,
    1.0,
    1.0,
    1.0,
    1.0,
    1.0,
    1.0,
    1.0,
    1.0,
    1.0,
    1.0,
    1.0,
    1.0,
    1.0,
    1.0,
    1.0,
    1.0,
    1.0,
    1.0,
    1.0,
    1.0,
    1.0,
    1.0,
    1.0,
    1.0,
    1.0,
    1.0,
    1.0,
    1.0,
    1.0,
    1.0,
    1.0,
    1.0,
    1.0,
    1.0,
    1.0,
    1.0,
    1.0,
    1.0,
    1.0,
    1.0,
    1.0,
    1.0,
    1.0,
    1.0,
    1.0,
    1.0,
    1.0,
    1.0,
    1.0,
    1.0,
    1.0,
    1.0,
    1.0,
    1.0,
    1.0,
    1.0,
    1.0,
    1.0,
    1.0,
    1.0,
    1.0,
    1.0,
    1.0,
    1.0,
    1.0,
    1.0,
    1.0,
    1.0,
    1.0,
    1.0,
    1.0,
    1.0,
    1.0,
    1.0,
    1.0,
    1.0,
    1.0
  ],
  "test_acc": [
    0.009564293548464775,
    0.001487778965383768,
    0.0,
    0.0,
    0.0,
    0.00021253984596114606,
    0.0008501593838445842,
    0.003400637535378337,
    0.009564293548464775,
    0.014452709816396236,
    0.025504782795906067,
    0.04357067123055458,
    0.06907545030117035,
    0.10860786586999893,
    0.17003187537193298,
    0.24229542911052704,
    0.3315621614456177,
    0.4418703615665436,
    0.5485653281211853,
    0.6495217680931091,
    0.7472901344299316,
    0.812964916229248,
    0.8643995523452759,
    0.9043570756912231,
    0.9319872260093689,
    0.9547290205955505,
    0.9651434421539307,
    0.9742826819419861,
    0.9815090298652649,
    0.9859723448753357,
    0.9891604781150818,
    0.9919235110282898,
    0.9942614436149597,
    0.9953241348266602,
    0.997236967086792,
    0.9980871677398682,
    0.9985122084617615,
    0.9987247586250305,
    0.9995748996734619,
    0.9995748996734619,
    0.9995748996734619,
    0.999787449836731,
    0.9995748996734619,
    0.999787449836731,
    0.999787449836731,
    0.999787449836731,
    0.999787449836731,
    0.999787449836731,
    0.999787449836731,
    0.999787449836731,
    0.999787449836731,
    0.999787449836731,
    0.999787449836731,
    0.999787449836731,
    0.999787449836731,
    0.999787449836731,
    0.999787449836731,
    1.0,
    1.0,
    1.0,
    1.0,
    1.0,
    1.0,
    1.0,
    1.0,
    1.0,
    1.0,
    1.0,
    1.0,
    1.0,
    1.0,
    1.0,
    1.0,
    1.0,
    1.0,
    1.0,
    1.0,
    1.0,
    1.0,
    1.0,
    1.0,
    1.0,
    1.0,
    1.0,
    1.0,
    1.0,
    1.0,
    1.0,
    1.0,
    1.0,
    1.0,
    1.0,
    1.0,
    1.0,
    1.0,
    1.0,
    1.0,
    1.0,
    1.0,
    1.0
  ],
  "train_loss": [
    4.576183319091797,
    4.492004871368408,
    4.0809197425842285,
    3.427868604660034,
    2.5867574214935303,
    1.7105836868286133,
    0.9949536919593811,
    0.5431315302848816,
    0.32557255029678345,
    0.23172326385974884,
    0.18557007610797882,
    0.1579006165266037,
    0.13812802731990814,
    0.12210235744714737,
    0.10860107094049454,
    0.09732097387313843,
    0.08764941990375519,
    0.07996167987585068,
    0.073282390832901,
    0.06774184107780457,
    0.06315476447343826,
    0.059113457798957825,
    0.055430393666028976,
    0.05116650089621544,
    0.04830622673034668,
    0.04610281065106392,
    0.04419483616948128,
    0.04244029149413109,
    0.0408003069460392,
    0.03923577070236206,
    0.03772909566760063,
    0.036325737833976746,
    0.034982193261384964,
    0.03372947499155998,
    0.03255518525838852,
    0.03142360597848892,
    0.0303668100386858,
    0.029336268082261086,
    0.02832627110183239,
    0.027370471507310867,
    0.02647528238594532,
    0.02564329467713833,
    0.024844566360116005,
    0.024077773094177246,
    0.023324234411120415,
    0.0225615743547678,
    0.02189483679831028,
    0.021281879395246506,
    0.020696396008133888,
    0.020138435065746307,
    0.01958681456744671,
    0.019039461389183998,
    0.018531352281570435,
    0.018034597858786583,
    0.017546065151691437,
    0.017064249143004417,
    0.016597704961895943,
    0.01613490842282772,
    0.015693986788392067,
    0.015276307240128517,
    0.014873530715703964,
    0.014503490179777145,
    0.014153107069432735,
    0.013805524446070194,
    0.013475405983626842,
    0.013163677416741848,
    0.012862165458500385,
    0.012560747563838959,
    0.012279924005270004,
    0.012006580829620361,
    0.011738530360162258,
    0.01147843711078167,
    0.011233299039304256,
    0.010992482304573059,
    0.010758304968476295,
    0.010528159327805042,
    0.010303525254130363,
    0.010083767585456371,
    0.009867386892437935,
    0.009650721214711666,
    0.00944703072309494,
    0.009251530282199383,
    0.009058328345417976,
    0.008870305493474007,
    0.008680842816829681,
    0.008491818793118,
    0.00831412710249424,
    0.008140279911458492,
    0.00796801783144474,
    0.007804454769939184,
    0.00764479348435998,
    0.007490350399166346,
    0.007335995323956013,
    0.007183551788330078,
    0.007036533672362566,
    0.006891746073961258,
    0.006750567350536585,
    0.006610000040382147,
    0.006471421103924513,
    0.006336077116429806
  ],