{
  "epoch": [
    0,
    50,
    100,
    150,
    200,
    250,
    300,
    350,
    400,
    450,
    500,
    550,
    600,
    650,
    700,
    750,
    800,
    850,
    900,
    950,
    1000,
    1050,
    1100,
    1150,
    1200,
    1250,
    1300,
    1350,
    1400,
    1450,
    1500,
    1550,
    1600,
    1650,
    1700,
    1750,
    1800,
    1850,
    1900,
    1950,
    2000,
    2050,
    2100,
    2150,
    2200,
    2250,
    2300,
    2350,
    2400,
    2450,
    2500,
    2550,
    2600,
    2650,
    2700,
    2750,
    2800,
    2850,
    2900,
    2950,
    3000,
    3050,
    3100,
    3150,
    3200,
    3250,
    3300,
    3350,
    3400,
    3450,
    3500,
    3550,
    3600,
    3650,
    3700,
    3750,
    3800,
    3850,
    3900,
    3950,
    4000,
    4050,
    4100,
    4150,
    4200,
    4250,
    4300,
    4350,
    4400,
    4450,
    4500,
    4550,
    4600,
    4650,
    4700,
    4750,
    4800,
    4850,
    4900,
    4950
  ],
  "train_acc": [
    0.009778911247849464,
    0.028911564499139786,
    0.05676020309329033,
    0.12542517483234406,
    0.2514880895614624,
    0.4449404776096344,
    0.6360543966293335,
    0.8125,
    0.9364370703697205,
    0.9874574542045593,
    0.9987244606018066,
    0.9997873902320862,
    1.0,
    1.0,
    1.0,
    1.0,
    1.0,
    1.0,
    1.0,
    1.0,
    1.0,
    1.0,
    1.0,
    1.0,
    1.0,
    1.0,
    1.0,
    1.0,
    1.0,
    1.0,
    1.0,
    1.0,
    1.0,
    1.0,
    1.0,
    1.0,
    1.0,
    1.0,
    1.0,
    1.0,
    1.0,
    1.0,
    1.0,
    1.0,
    1.0,
    1.0,
    1.0,
    1.0,
    1.0,
    1.0,
    1.0,
    1.0,
    1.0,
    1.0,
    1.0,
    1.0,
    1.0,
    1.0,
    1.0,
    1.0,
    1.0,
    1.0,
    1.0,
    1.0,
    1.0,
    1.0,
    1.0,
    1.0,
    1.0,
    1.0,
    1.0,
    1.0,
    1.0,
    1.0,
    1.0,
    1.0,
    1.0,
    1.0,
    1.0,
    1.0,
    1.0,
    1.0,
    1.0,
    1.0,
    1.0,
    1.0,
    1.0,
    1.0,
    1.0,
    1.0,
    1.0,
    1.0,
    1.0,
    1.0,
    1.0,
    1.0,
    1.0,
    1.0,
    1.0,
    1.0
  ],
  "test_acc": [
    0.011052072048187256,
    0.001487778965383768,
    0.0,
    0.0004250796919222921,
    0.0004250796919222921,
    0.00021253984596114606,
    0.0012752391630783677,
    0.0061636557802557945,
    0.029543038457632065,
    0.10010626912117004,
    0.24548353254795074,
    0.44888415932655334,
    0.6582359075546265,
    0.8167906403541565,
    0.9066950082778931,
    0.9494155049324036,
    0.9721572995185852,
    0.9834218621253967,
    0.9876726865768433,
    0.9895855188369751,
    0.9912858605384827,
    0.9921360015869141,
    0.9936237931251526,
    0.9931987524032593,
    0.9940488934516907,
    0.994473934173584,
    0.994686484336853,
    0.9942614436149597,
    0.9951115846633911,
    0.9951115846633911,
    0.9953241348266602,
    0.9955366849899292,
    0.9951115846633911,
    0.9951115846633911,
    0.9948990345001221,
    0.9948990345001221,
    0.9951115846633911,
    0.9957491755485535,
    0.9959617257118225,
    0.9957491755485535,
    0.9961742758750916,
    0.997024416923523,
    0.997449517250061,
    0.9980871677398682,
    0.9982996582984924,
    0.9985122084617615,
    0.9982996582984924,
    0.9985122084617615,
    0.9985122084617615,
    0.9982996582984924,
    0.9985122084617615,
    0.9985122084617615,
    0.9991498589515686,
    0.9993624091148376,
    0.999787449836731,
    0.999787449836731,
    0.999787449836731,
    0.999787449836731,
    0.999787449836731,
    0.999787449836731,
    0.999787449836731,
    0.999787449836731,
    0.999787449836731,
    0.999787449836731,
    0.999787449836731,
    1.0,
    1.0,
    1.0,
    1.0,
    1.0,
    1.0,
    1.0,
    1.0,
    1.0,
    1.0,
    1.0,
    1.0,
    1.0,
    1.0,
    1.0,
    1.0,
    1.0,
    1.0,
    1.0,
    1.0,
    1.0,
    1.0,
    1.0,
    1.0,
    1.0,
    1.0,
    1.0,
    1.0,
    1.0,
    1.0,
    1.0,
    1.0,
    1.0,
    1.0,
    1.0
  ],
  "train_loss": [
    4.575122833251953,
    4.510005474090576,
    4.206392765045166,
    3.781348705291748,
    3.2636399269104004,
    2.6970736980438232,
    2.1407253742218018,
    1.6318013668060303,
    1.1954482793807983,
    0.8899148106575012,
    0.7051149010658264,
    0.59752357006073,
    0.5339046120643616,
    0.4897497296333313,
    0.4544220566749573,
    0.4241461157798767,
    0.3951648771762848,
    0.3716285824775696,
    0.35519155859947205,
    0.34469273686408997,
    0.3366421163082123,
    0.32902979850769043,
    0.3226690888404846,
    0.3173823058605194,
    0.3126682639122009,
    0.3093457520008087,
    0.3063131272792816,
    0.30276280641555786,
    0.2976641356945038,
    0.2928794026374817,
    0.2894646227359772,
    0.28724756836891174,
    0.28602349758148193,
    0.2853662967681885,
    0.2847774028778076,
    0.2841637134552002,
    0.28364256024360657,
    0.2842494547367096,
    0.2845121920108795,
    0.28449350595474243,
    0.2844594120979309,
    0.28426069021224976,
    0.2840420603752136,
    0.2841819226741791,
    0.283758282661438,
    0.283261775970459,
    0.28262922167778015,
    0.2823127806186676,
    0.28195956349372864,
    0.2811508774757385,
    0.2795964479446411,
    0.27760306000709534,
    0.2758498787879944,
    0.2742123007774353,
    0.27307596802711487,
    0.2720334529876709,
    0.27072519063949585,
    0.268970251083374,
    0.2670241892337799,
    0.26576727628707886,
    0.26499149203300476,
    0.26422417163848877,
    0.2635359764099121,
    0.26308420300483704,
    0.2627522945404053,
    0.26234206557273865,
    0.26196661591529846,
    0.26144298911094666,
    0.26080676913261414,
    0.2603551745414734,
    0.2599443197250366,
    0.2594147324562073,
    0.25916770100593567,
    0.25874093174934387,
    0.2580069601535797,
    0.257282555103302,
    0.2567862868309021,
    0.25641968846321106,
    0.2559846341609955,
    0.25536811351776123,
    0.25461146235466003,
    0.2536777853965759,
    0.25250160694122314,
    0.25090786814689636,
    0.24987085163593292,
    0.24927528202533722,
    0.2487678974866867,
    0.24823525547981262,
    0.24778713285923004,
    0.2474357932806015,
    0.24699024856090546,
    0.24664320051670074,
    0.2462744414806366,
    0.2457704097032547,
    0.24532073736190796,
    0.24493654072284698,
    0.24454957246780396,
    0.24421806633472443,
    0.24378588795661926,
    0.24333585798740387
  ],